ligand_name,protein_sequence,SMILES
2BA,ANPNHPLLKKILMKAPGTYHHSMMVANLAEACADKIGANSLLVRVGCFYHDIGKTLRPPYFVENQLQGINPHDRLTPEQSRDIILSHTKDGAEILKENHMPQPIIDIALQHHGTTLLKYFYFKAKETNPDVKEADYRYSGPKPQTKEIAIINISDSVEAAVRSSTEPTMAKITEIIDGIIKDRFLDGQFTECDITIQEIKIIRDTLIATLNGIY,c1nc(c2c(n1)n(cn2)C3C(C4C(O3)COP(=O)(OC5C(COP(=O)(O4)O)OC(C5O)n6cnc7c6ncnc7N)O)O)N
5GP,SKTVSTINSTDALAMVEHSSELTLSITTPVGTKFVCRTPFIGTHTDKFLLVEMPKISADDLQYFFQEGFWMNIRAISPRGEGALIHFRSQLMHILQEPVPMAFLSIPNTMQVSQRRKEPRFELNLAGKVLFDEHRGDCELRDLSRSGCRFITPPLGKTYQVGDLVALEIFSDLRGTKTFPPLTGKICNLQRSLHHARYGLEFNEEGRNNAKNLLAQLKFNGTKLTLN,NC1=Nc2n(cnc2C(=O)N1)[C@@H]3O[C@H](CO[P](O)(O)=O)[C@@H](O)[C@H]3O
6OU,IDYGLYALEILAQYHNVSVNPEEIKHRFDTDGTGLGLTSWLLAAKSLELKVKQVKKTIDRLNFISLPALVWREDGRHFILTKVSKEANRYLIFDLEQRNPRVLEQSEFEALYQGHIILIASRSSVTGKLAKFDFTWFIPAIIKYRKIFIETLVVSVFLQLFALITPLFFQVVMDKVLVHRGFSTLNVITVALSVVVVFEIILSGLRTYIFAHSTSRIDVELGAKLFRHLLALPISYFESRRVGDTVARVRELDQIRNFLTGQALTSVLDLLFSFIFFAVMWYYSPKLTLVILFSLPCYAAWSVFISPILRRRLDDKFSRNADNQSFLVESVTAINTIKAMAVSPQMTNIWDKQLAGYVAAGFKVTVLATIGQQGIQLIQKTVMIINLWLGAHLVISGDLSIGQLIAFNMLAGQIVAPVIRLAQIWQDFQQVGISVTRLGDVLNSPTESYHGKLALPEINGNITFRNIRFRYKPDSPVILDNINLSIKQGEVIGIVGRSGSGKSTLTKLIQRFYIPENGQVLIDGHDLALADPNWLRRQVGVVLQDNVLLNRSIIDNISLANPGMSVEKVIYAAKLAGAHDFISELREGYNTIVGEQGAGLSGGQRQRIAIARALVNNPKILIFDEATSALDYESEHIIMRNMHKICKGRTVIIIAHRLSTVKNADRIIVMEKGKIVEQGKHKELLSEPESLYSYLYQLQS,CCCCCCCCCCCCCCCC(=O)OC[C@H](CO[P](O)(=O)OCCN)OC(=O)CCCCCCC\C=C/CCCCCCCC
8CT,RPVWYPGNSPPEWLDGSLPGDYGYDPLGLASDPEMLKWWVQAELVHGRWAMLGTVGMIVPGVAARAGGDFPQWYDAGKVYIENSSIPFGALLMTQVLMMGWSEMMRYYEFVSPGSQGTGSFMGFTEAFAGTGENGYPGGRFFDPFGLAKGDPAKLQEYKVKEIKNGRLAMFSCLGYYAQYAATGKGPVDNWFDHIADPFHNTCATNGVSVPF,CC1=C(C(CCC1)(C)C)C=CC(=CC=CC(=CC=CC=C(C)C=CC=C(C)C=CC2C(=CCCC2(C)C)C)C)C
A3P,PSLRTQPSLYSGPFPFYRRPSELGCFSLDAQRQYHGDARALRYYSPPPINGPGPDFDLRDGYPDRYQPRDEEVQERLDHLLRWVLEHRNQLEGGPGWLAGATVTWRGHLTKLLTTPYERQEGWQLAASRFQGTLYLSEVETPAARAQRLARPPLLRELMYMGYKFEQYMCADKPGGSPDPSGEVNTNVAYCSVLRSRLGNHPLLFSGEVDCLNPQAPCTQPPSCYVELKTSKEMHSPGQWRSFYRHKLLKWWAQSFLPGVPHVVAGFRNPEGFVCSLKTFPTMEMFENVRNDREGWNPSVCMNFCAAFLSFAQSTVVQDDPRLVHLFSWEPGGPVTVSVHRDAPYAFLPSWYVETMTQ,Nc1ncnc2n(cnc12)[CH]3O[CH](CO[P](O)(O)=O)[CH](O[P](O)(O)=O)[CH]3O
A86,KKSQALPFLPYPENLAGYVGDAGFDPFRFSDFAPMDFLREAEIKHGRICMLAWLGFVAVDLGARIYPLPEAYEGLTAVTAHDALVQQGAMSQIFLWCSVFEAISTVSVIQMLYEESGREPGYFGFDPLGFLNGKSEAEVNEMKLKEIKNGRLAMLAFSGVVTQAVLTQGPFPYV,CC(=CC=CC=C(C)C=CC=C(C)C(=O)CC12C(CC(CC1(O2)C)O)(C)C)C=CC=C(C)C=C=C3C(CC(CC3(C)O)OC(=O)C)(C)C
AC1,DFQRRYKQFSQILKNIGENEGGIDKFSRGYESFGVHRCADGGLYCKEWAPGAEGVFLTGDFNGWNPFSYPYKKLDYGKWELYIPPKQNKSVLVPHGSKLKVVITSKSGEILYRISPWAKYVVREGDNVNYDWIHWDPEHSYEFKHSRPKKPRSLRIYESHVGISSHEGKVASYKHFTCNVLPRIKGLGYNCIQLMAIMEHAYYASFGYQITSFFAASSRYGSPEELQELVDTAHSMGIIVLLDVVHSHASKNSADGLNMFDGTDSCYFHSGPRGTHDLWDSRLFAYSSWEVLRFLLSNIRWWLEEYRFDGFRFDGVTSMLYHHHSEYFGLQVDEDALTYLMLANHLVHTLCPDSITIAEDVSGMPALCSPISQGGGGFDYRLAMAIPDKWIQLLKEFKDEDWNMGDIVYTLTNRRYLEKCIAYAESHDQALVGDKSLAFWLMDAEMYTNMSVLTPFTPVIDRGIQLHKMIRLITHGLGGEGYLNFMGNEFGHPEWLDFPRKGNNESYHYARRQFHLTDDDLLRYKFLNNFDRDMNRLEERYGWLAAPQAYVSEKHEGNKIIAFERAGLLFIFNFHPSKSYTDYRVGTALPGKFKIVLDSDAAEYGGHQRLDHSTDFFSEAFEHNGRPYSLLVYIPSRVALILQNVD,CC1C(C(C(C(O1)O)O)O)NC2C=C(C(C(C2O)O)O)CO
ACO,SLSERVDAPDVVEIPSAGADLTWRAATKEDIPALFELWRAAGAVDHPTSLVMLDELEEEFDDDDFDPALDSVIAVDSLGRVVAFGSATVKSAHETVVWVALDGTVHPERRGEGIGSSVLRWQEQRGLQHLAESDECLPGWLASSAEEHAVWTIELFHRNGYESVRWWHELERDLAQPIPDVTLPEGIRIETYGPEWSEPTRDAHNEAFRDHWGSQPEAREDWEAAHRLSAFRADLSFVAVARDAGQDIVVAYLLSDVNEEEWEANGYSFGFVDLLGVRRDWRGRKLAQALLTHAMRAYRHEGLQRAVLDVDADSPTGAVALYEGLGFSLVNRSISLIKQF,CC(=O)SCCNC(=O)CCNC(=O)[C@@H](C(C)(C)CO[P@](=O)(O)O[P@@](=O)(O)OC[C@@H]1[C@H]([C@H]([C@@H](O1)n2cnc3c2ncnc3N)O)OP(=O)(O)O)O
ACP,KFSKEQFDYSLYLVTSGMIPEGKTLYGQVEAGLQNGVTLVQIREKDADTKFFIEEALQIKELCHAHNVPLIINDRIDVAMAIGADGIHVGQDDMPIPMIRKLVGPDMVIGWSVGFPEEVDELSKMGPVDYIGVGTLFPTLTKKAPMGTAGAIRVLDALERNNAHWCRTVGIGGLHPDNIERVLYQCVSSNGKRSLDGICVVSDIIASLDAAKSTKILRGLIDKTDYKFVNIGLSTKNSLTTTDEIQSIISNTLKARPLVQHITNKVHQNFGANVTLALGSSPIMSEIQSEVNDLAAIPHATLLLNTGSVAPPEMLKAAIRAYNDVKRPIVFDPVGYSATETRLLLNNKLLTFGQFSCIKGNSSEILGLAELSNELLIQATKIVAFKYKTVAVCTGEFDFIADGTIEGKYSLSKGTNGTSVEDIPCVAVEAGPIEIMGDITASGCSLGSTIACMIGGQPSEGNLFHAVVAGVMLYKAAGKIASEKCNGSGSFQVELIDALYRLTRENTPVTWAPKLTHT,Nc1ncnc2n(cnc12)[CH]3O[CH](CO[P](O)(=O)O[P](O)(=O)C[P](O)(O)=O)[CH](O)[CH]3O
ACT,SREPLLRVAVTGGTHGNEMCGVYLARYWLQNPGELQRPSFSAMPVLANPAATAACCRYLDRDLNRSCTLTFLGSTATPDDPYEVKRARELNQLLGPKGTGQAFDFTLDLHNTTANTGVCLISESNISFNLHLCHYLQRQNPGMPCRLFLYEPAGTETFSVESISKNGICLAMGPQPQGVLRADLFSRMRALVASILDFIELFNQGMDLPAFEMDIYRNLGSVDFPRTADGDLAGTVHPQLQDHDFEPLRPGEPIFKLFSGEDVLYEGDSIVYPVFINEAAYYEKHVAFLKSEKIRVTVPALLRLTP,[O-]C(=O)C
ADE,AVMTPAGFTDYKVADITLAAWGRRELIIAESEMPALMGLRRKYAGQQPLKGAKILGCIHMTIQTGVLIETLVALGAEVRWSSCNIFSTQDQAAAAIAAAGIPVFAWKGETEEEYEWCIEQTILKDGQPWDANMVLDDGGDLTEILHKKYPQMLERIHGITEETTTGVHRLLDMLKNGTLKVPAINVNDSVTKSKNDNKYGCRHSLNDAIKRGTDHLLSGKQALVIGYGDVGKGSSQSLRQEGMIVKVAEVDPICAMQACMDGFEVVSPYKNGINDGTEASIDAALLGKIDLIVTTTGNVNVCDANMLKALKKRAVVCNIGHFDNEIDTAFMRKNWAWEEVKPQVHKIHRTGKDGFDAHNDDYLILLAEGRLVNLGNATGHPSRIMDGSFANQVLAQIHLFEQKYADLPAAEKAKRLSVEVLPKKLDEEVALEMVKGFGGVVTQLTPKQAEYIGVSVEGPFKPDTYRY,Nc1ncnc2[nH]cnc12
ADN,AKYDVLTIGNAIVDIIARCDDSFLEENGIIKGAMNLINADRAELLYSRMGPAVEASGGSAGNTAAGVASLGGRAAYFGKVADDQLGEIFTHDIRAQGVHFQTKPLDGHPPTARSMIFVTEDGERSMNTYLGACVELGPEDVEDDVVAQSKVTYFEGYLWDPPRAKDAIREAARIAHAHGRETAMTLSDSFCVHRYRSEFLELMRSGTVDIVFANRQEALALYETEDFDRALELLARDCKLAAVTLSEEGSVVVRGAERVRVGASVLEQVVDTTGAGDLYAAGFLFGYTSGRSLEECSKLGNLAAGIVIGQIGPRPLVSLATAARQAALVAENLYFQSH,Nc1ncnc2n(cnc12)[CH]3O[CH](CO)[CH](O)[CH]3O
ADP,SIYTLGIDVGSTASKCIILKDGKEIVAKSLVAVGTGTSGPARSISEVLENAHMKKEDMAFTLATGYGRNSLEGIADKQMSELSCHAMGASFIWPNVHTVIDIGGQDVKVIHVENGTMTNFQMNDKCAAGTGRFLDVMANILEVKVSDLAELGAKSTKRVAISSTCTVFAESEVISQLSKGTDKIDIIAGIHRSVASRVIGLANRVGIVKDVVMTGGVAQNYGVRGALEEGLGVEIKTSPLAQYNGALGAALYAYKKAAK,c1nc(c2c(n1)n(cn2)[C@H]3[C@@H]([C@@H]([C@H](O3)CO[P@](=O)(O)OP(=O)(O)O)O)O)N
AF3,MNFGSQTPTIVVLKEGTDASQGKGQIISNINACVAVQEALKPTLGPLGSDILIVTSNQKTTISNDGATILKLLDVVHPAAKTLVDISRAQDAEVGDGTTSVTILAGELMKEAKPFLEEGISSHLIMKGYRKAVSLAVEKINELAVDITSEKSSGRELLERCARTAMSSKLIHNNADFFVKMCVDAVLSLDRNDLDDKLIGIKKIPGGAMEESLFINGVAFKKTFSYAGFEQQPKKFNNPKILSLNVELELKAEKDNAEVRVEHVEDYQAIVDAEWQLIFEKLRQVEETGANIVLSKLPIGDLATQFFADRNIFCAGRVSADDMNRVIQAVGGSIQSTTSDIKPEHLGTCALFEEMQIGSERYNLFQGCPQAKTCTLLLRGGAEQVIAEVERSLHDAIMIVKRALQNKLIVAGGGATEMEVSKCLRDYSKTIAGKQQMIINAFAKALEVIPRQLCENAGFDAIEILNKLRLAHSKGEKWYGVVFETENIGDNFAKFVWEPALVKINALNSATEATNLILSVDETITNK,F[Al](F)F
AGS,NDWKSQLRRSATTQALKKTTTNAEIILCNDESLKGLVQYDAFEKVTKLKRLPYWRSKGDANYYWADIDTTHVISHIDKLYNVQFSRDLIDTVIEKEAYQNRFHPIKSMIESKSWDGIKRIETLFIDYLGAEDNHYNREVTKKWMMGAVARIYQPGIKYDSMIILYGGQGVGKSTAVSKLGGHWYNQSIKTFKGDEVYKKLQGSWICEIEELSAFQKSTIEDIKGFISAIVDIYRASYGKRTERHPRQCVFVGTTNNYEFLKDQTGNRRFFPITTDKNKATKSPFDDLTPVVVQQMFAEARVYFDENPTDKALLLDKEASEMALKVQEAHSEKDALVGEIEEFLERPIPSDYWYRTLEEKRVSAHDVIDQDYIKLYGDGKLIEAKPGAYVWRDKVCSMEIWKVMMKRDDQPQQHHLRKIDKALRNTNYCGTVKKQTRYGEGIGKQYGFSVDLASYYKN,c1nc(c2c(n1)n(cn2)C3C(C(C(O3)COP(=O)(O)OP(=O)(O)OP(=S)(O)O)O)O)N
AJP,PVRRRALARLVLRLNAPLCVLSYVAGIAWFLALVFPPLTQRTYMSENAMGSTMVEEQFAGGDRARAFARDFAAHRKKSGALPVAWLERTMRSVGLEVYTQSFSRKLPFPDETHERYMVSGTNVYGILRAPRAASTESLVLTVPCGSDSTNSQAVGLLLALAAHFRGQIYWAKDIVFLVTEHDLLGTEAWLEAYHDVNVTGMQSSPLQGRAGAIQAAVALELSSDVVTSLDVAVEGLNGQLPNLDLLNLFQTFCQKGGLLCTLQGKLQPEDWTSLDGPLQGLQTLLLMVLRQASGRPHGSHGLFLRYRVEALTLRGINSFRQYKYDLVAVGKALEGMFRKLNHLLERLHQSFFLYLLPGLSRFVSIGLYMPAVGFLLLVLGLKALELWMQLHEASLVAPLLISQAMGLALYVLPVLGQHVATQHFPVAEAEAVVLTLLAIYAAGLALPHNTHRPDRGWMALKLVALIYLALQLGCIALTNFSLGFLLATTMVPTAALAKPHGPRTLYAALLVLTSPAATLLGSLFLWRELQEAPLSLAEGWQLFLAALAQGVLEHHTYGALLFPLLSLGLYPCWLLFWNVLFWK,CC1C2C(OC31CCC(C)CO3)C(O)C1C3CCC4CC(OC5OC(CO)C(OC6OC(CO)C(O)C(OC7OCC(O)C(O)C7O)C6OC6OC(CO)C(O)C(OC7OC(CO)C(O)C(O)C7O)C6O)C(O)C5O)C(O)CC4(C)C3CCC21C
AKG,SKITYTFTDEAPALATYSLLPIVKAFAASAGIDVETSDISLAGRILANFADRLEADQRIEDDLARLAVLATSPDANIIKLPNISASVPQLKGAIAELQGLGYKVPDFPEDPQTDEEKEVRARYAKILGSAVNPVLREGNSDRRAPAAVKAYARKHPHSMGKWSMASRSHADYMRGGDFFSSEQSITMAKAGDVRIEFVGKDGKVEVKKQLSLQEGEVLDSMFMSCGKLRDFFEKTLQDCKETGVMWSLHVKATMMKISHPIVFGHAVSVYYKDVFDKWGQLFEELGVNPNNGISSVYDKIKSLPASQQEEILHDIHEVYSHRPEMAMVDSVKGITNLHIPSDVIVDASMPAMIRNSGQMWGKDGKQKDTKAVMPESTYARIYQEMINFCKTNGAFDPTTMGSVPNVGLMAQKAEEYGSHDKTFEMTADGTMRVVLADGSVLMQHKVETGDIWRACQTKDAPIRDWVKLAVTRARQSDTPAIFWLDPERAHDRELRKKVELYLKDHDLTGLDISIMGYNEAIRVSMERLIRGKDTISVTGNVLRDYLTDLFPIMELGTSAKMLSIVPLMAGGGMYETGAGGSAPKHVQQLVEENYLRWDSLGEFLALAVSLEETGIKTGNAKAKLLGKALDEATGKLLDNNKSPSRKVGDIDNRGSHFYLAMYWAQALAAQNEDAELKAHFAPLAKALTEQEATIVAELNAVQGKPAEIGGYYRSNPELTSKVMRPSATFNAAIDSLA,O=C(O)C(=O)CCC(=O)O
ALA,GLVPRGSHMKVTFKDVAGIEEVKEEVKEIIEYLKDPVKFQKLGGRPPKGVLLYGEPGVGKTLLAKAIAGEAHVPFISVSGSDFVEMFVGVGAARVRDLFETAKKHAPCIIFIDEIDAVGRADEREQTLNQLLVEMDGFDTSDGIIVIAATNRPDILDPALLRPGRFDRQIFIPKPDVRGRYEILKVHARNKKLAKDVDLEFVARATPGFTGADLENLLNEAALLAARKKEEITMEEIEEALDRITMGLERKGMTISPKEKEKIAIHEAGHALMGLVSDDDDKVHKISIIPRGMALPIEDKHIYDKKDLYNKILVLLGGRAAEEVFFGKDGITTGAENDLQRATDLAYRMVSMWGMSDKVGPIAIRRTAVDTSPDLLREIDEEVKRIITEQYEKAKAIVEEYKEPLKAVVKKLLEKETITCEEFVEVFKLYGIELKDKC,CC(C(=O)O)N
ALF,LGEAYRPLEQRDMNEAEAFDVNAAIHGNWTIENAKERLNIYKQTNNIRDDYKYTPVGPEHARSFLAELSIYVPALNRTVTARESGSNKKSASKSCALSLVRQLFHLNVIEPFSGTLKKDEQLKPYPVKLSPNLINKIDEVIKGLDLPVVNPRNIKIELDGPPIPLIVNLSRIESSVIPWAPPQANWNTWHACNIDEGELATTSIDDLSMDYERSLRDRRQNDNEYRQFLEFREKLPIAAMRSEILTAINDNPVVIIRGNTGCGKTTQIAQYILDDYICSGQGGYANIYVTQPRRISAISVAERVARERCEQLGDTVGYSVRFESVFPRPYGAILFCTVGVLLRKLEAGLRGVSHIIVDEIHERDVNSDFLLVILRDMVDTYPDLHVILMSATIDTTKFSKYFGICPVLEVPGRAFPVQQFFLEDIIQMTDFVPSAESRRKRKEVEDEEQLLSEDKDEAEINYNKVCEDKYSQKTRNAMAMLSESDVSFELLEALLMHIKSKNIPGAILVFLPGWNLIFALMKFLQNTNIFGDTSQYQILPCHSQIPRDEQRKVFEPVPEGVTKIILSTNIAETSITIDDIVFVIDICKARMKLFTSHNNLTSYATVWASKTNLEQRKGRAGRVRPGFCFTLCSRARFQALEDNLTPEMFRTPLHEMALTIKLLRLGSIHHFLSKALEPPPVDAVIEAEVLLREMRCLDANDELTPLGRLLARLPIEPRLGKMMVLGAVFGCADLMAIMASYSSTFSEVFSLDIGQRRLANHQKALSGTKCSDHVAMIVASQMWRREKQRGEHMEARFCDWKGLQMSTMNVIWDAKQQLLDLLQQAGFPEECMISHEVDERIDGDDPVLDVSLALLCLGLYPNICVHKEKRKVLTTESKAALLHKTSVNCSNLAVTFPYPFFVFGEKIRTRAVSCKQLSMVSPLQVILFGSRKIDLAANNIVRVDNWLNFDIEPELAAKIGALKPALEDLITVACDNPSDILRLEEPYAQLVKVVKDLCVKSAGDFGLQR,F[Al-](F)(F)F
AMP,PVITLPDGSQRHYDHAVSPMDVALDIGPGLAKACIAGRVNGELVDACDLIENDAQLSIITAKDEEGLEIIRHSCAHLLGHAIKQLWPHTKMAIGPVIDNGFYYDVDLDRTLTQEDVEALEKRMHELAEKNYDVIKKKVSWHEARETFANRGESYKVSILDENIAHDDKPGLYFHEEYVDMCRGPHVPNMRFCHHFKLMKTAGAYWRGDSNNKMLQRIYGTAWADKKALNAYLQRLEEAAKRDHRKIGKQLDLYHMQEEAPGMVFWHNDGWTIFRELEVFVRSKLKEYQYQEVKGPFMMDRVLWEKTGHWDNYKDAMFTTSSENREYCIKPMNCPGHVQIFNQGLKSYRDLPLRMAEFGSCHRNEPSGSLHGLMRVRGFTQDDAHIFCTEEQIRDEVNGCIRLVYDMYSTFGFEKIVVKLSTRPEKRIGSDEMWDRAEADLAVALEENNIPFEYQLGEGAFYGPKIEFTLYDCLDRAWQCGTVQLDFSLPSRLSASYVGEDNERKVPVMIHRAILGSMERFIGILTEEFAGFFPTWLAPVQVVIMNITDSQSEYVNELTQKLSNAGIRVKADLRNEKIGFKIREHTLRRVPYMLVCGDKEVESGKVAVRTRRGKDLGSMDVNEVIEKLQQEIRSRSLKQLEE,Nc1ncnc2n(cnc12)[CH]3O[CH](CO[P](O)(O)=O)[CH](O)[CH]3O
ANP,HMSIFSPLIKKAEDLAFLENEEALASLEIIGRGGCGEVFKAELPGSNGKIIAVKKVIQPKMRQIRSEINTVGHIRHRNLLPLLAHVSRPECHYLVYEYMEKGSLQDILTDVQAGNQELMWPARHKIALGIAAGLEYLHMDHNPRIIHRALKPANVLLDDDMEARISDFGLAKAMPDAVTHITTSHVAGTVGYIAPEFYQTHKFTDKCDIYSFGVILGILVIGKLPSDEFFQHTDEMSLIKWMRNIITSENPSLAIDPKLMDQGFDEQMLLVLKIACYCTLDDPKQRPNSKDVRTMLSQI,c1nc(c2c(n1)n(cn2)C3C(C(C(O3)COP(=O)(O)OP(=O)(NP(=O)(O)O)O)O)O)N
APC,SNSFCVVYKGSDTDINNIQRDFDGKGEALSNGYLFIEQNGHYQKCEMERGTAYLIGSLYNRTFLIGLAGVWEGEAYLANDAELLALLFTRLGANALALAEGDFCFFIDEPNGELTVITESRGFSPVHVVQGKKAWMTNSLKLVTAAEGEGALWFEEEALVCQSLMRADTYTPVKNAQRLKPGAVHVLTHDSEGYSFVESRTLTTPASNQLLALPREPLLALIDRYLNAPLEDLAPRFDTVGIPLSGGLDSSLVTALASRHFKKLNTYSIGTELSNEFEFSQQVADALGTHHQMKILSETEVINGIIESIYYNEIFDGLSAEIQSGLFNVYRQAQGQVSCMLTGYGSDLLFGGILKPGAQYDNPNQLLAEQVYRTRWTGEFATHGASCYGIDIRHPFWSHSLISLCHALHPDYKIFDNEVKNILREYADSLQLLPKDIVWRKKIGIHEGSSVNQAFANVLGSTVDNYQTKSRFTYRVYQAFLRGRLSITDVTPSQLKDLIK,c1nc(c2c(n1)n(cn2)[C@H]3[C@@H]([C@@H]([C@H](O3)CO[P@@](=O)(C[P@](=O)(O)OP(=O)(O)O)O)O)O)N
APR,KAPSYHVVRGDIATATEGVIINAANSKGQPGGGVCGALYKKFPESFDLQPIEVGKARLVKGAAKHIIHAVGPNFNKVSEVEGDKQLAEAYESIAKIVNDNNYKSVAIPLLSTGIFSGNKDRLTQSLNHLLTALDTTDADVAIYCRDKKWEMTLKEAVARRE,O=P(O)(OCC3OC(n1c2ncnc(N)c2nc1)C(O)C3O)OP(=O)(O)OCC4OC(O)C(O)C4O
AR6,GPLGSAYQLLLSKETLNKILQYKQNLEKGLATPGKFFLEELSKQEKSISEMDITTFTQLLIQSKKPQVFAESQVYHDGTDWTLEEESILGDVSVNMPVTMYNDGGHGSSFKNHPKPISGYLAYVPGALLASGSGPTSDMKEVLDNGKLNQDKLNALYERRLLPQLIHFNELARQNEKQAAITIPGIGTGCFSGAYYDVIKPYVRNALIHILEKHKDSLPYIDIIHYDPYMGDEPAEKKIGHMSFRVSPSGVVRGTTGQLDYPLGSNPDTHILVSIVAWDHFSWPGNDYWGGARQTDDGVKAASTDTMGQVTGATGVYDKKWGRYMPPESFTKDAKGMSDWGDYVRENGIVFNGPVLALDKSGKLDTLENVASR,c1nc(c2c(n1)n(cn2)C3C(C(C(O3)COP(=O)(O)OP(=O)(O)OCC4C(C(C(O4)O)O)O)O)O)N
ARG,TPHVIQQAQARELLAQIDVPQILHKLFRDLAAGLAVQPAQQLVAFPKGAGDFINYLGVLAEDGVYGVKTSPYIVGEQGPLVTAWTLLMSMHNGQPLLLCDAHELTTARTAATTALAVDALAPLAARRLAIIGSGKVAQAHLRYVQNLRDWQHISLFSPSLASASPATLAQLTGLDPRLSIADSCAAAVADADVIMLCTSSAGPVLDPAHLSKPALITSISTNAPRAHEVPPHSLNAMQVFCDYRQTTPDAAGEMLIASEQHGWDKRAVMGDLPELLSDMAQRPDYQRPVFFRSIGLGLEDIALANALYQLQR,C(CC(C(=O)O)N)CNC(=[NH2+])N
ASP,VLRTHAAGSLRPADAGQTVTLAGWVARRRDHGGVIFIDLRDASGVSQVVFREGDVLAAAHRLRAEFCVAVTGVVEVRPEGNENPEIPTGQIEVNATELTVLGESAPLPFQLDEQAGEEARLKYRYLDLRREGPGNALRLRSKVNAAARSVLAEHDFVEIETPTLTRSTPEGARDFLVPARLQPGSFYALPQSPQLFKQLLMVAGMERYYQIARCYRDEDFDRQPEFTQLDMEMSFVEADDVIAISEQVLKAVWATIGYDLPLPLPRISYEEAMRRFGSDKPDLRFGIELVECTEYFKDTTFRVFQAPYVGAVVMPGGASQPRRTLDGWQEFAKQRGHKGLAYVLVGEDGTLGGPVAKNLSDAERDGLVAHVGANPGDCIFFAAGPAKGARALLGATRIEIAKRLDLIDPNAWAFTWVVDFPMFEAADEATAAGDVAVGSGAWTAMHHAFTAPKPDSVDTFDSDPGNALSDAYDIVCNGNEIGGGSIRIHRRDIQERVFAMMGIDHDEAQEKFGFLLDAFSYGAPPHGGIAFGWDRITALLAGVDSIREVIAFPKSGGGVDPLTDAPAPITPQQRKESGID,C(C(C(=O)O)N)C(=O)O
ATP,AMDMYHTKILKAIESEDYISVRRRVLRQLVESLIYEGIITPARIEKEEQILFLIQGLDEDNKSVTYECYGRERITFGRISIDSLIVRVQDGKQEIQSVAQFLEEVFRVVNVEQTKLDSFIHELEQTIFKDTIAQYERCNKSYDELENHLIDGHPYHPSYKARIGFQYRDNFRYGYEFMRPIKLIWIAAHKKNATVGYENEVIYDKILKSEVGERKLEAYKERIHSMGCDPKQYLFIPVHPWQWENFIISNYAEDIQDKGIIYLGESADDYCAQQSMRTLRNVTNPKRPYVKVSLNILNTSTLRTLKPYSVASAPAISNWLSNVVSQDSYLRDESRVILLKEFSSVMYDTNKKATYGSLGCIWRESVHHYLGEQEDAVPFNGLYAKEKDGTPIIDAWLNKYGIENWLRLLIQKAIIPVIHLVVEHGIALESHGQNMILVHKEGLPVRIALKDFHEGLEFYRPFLKEMNKCPDFTKMHKTYANGKMNDFFEMDRIECLQEMVLDALFLFNVGELAFVLADKYEWKEESFWMIVVEEIENHFRKYPHLKDRFESIQLYTPTFYAEQLTKRRLYIDVESLVHEVPNPLYRARQLNIQKS,c1nc(c2c(n1)n(cn2)C3C(C(C(O3)COP(=O)(O)OP(=O)(O)OP(=O)(O)O)O)O)N
AYE,RFVGLTNLGATCYLASTIQQLYMIPEARQAVFTAKYSEDMKHKTTLLELQKMFTYLMESECKAYNPRPFCKTYTMDKQPLNTGEQKDMTEFFTDLITKIEEMSPELKNTVKSLFGGVITNNVVSLDCEHVSQTAEEFYTVRCQVADMKNIYESLDEVTIKDTLEGDNMYTCSHCGKKVRAEKRACFKKLPRILSFNTMRYTFNMVTMMKEKVNTHFSFPLRLDMTPYTEDFLMESYEYDLIGVTVHTGTADGGHYYSFIRDIVNPHAYKNNKWYLFNDAEVKPFDSAQLASECFGGEMTTKTYDFSFEKTHSAYMLFYKRMEEYKFDVSSELLEWIWHDNMQF,NCC=C
AZI,YERLRLRVTHQTTGEEYFRFITLLRDYVSSGSFSNEIPLLRQSTIPVSDAQRFVLVELTNQGQDSVTAAIDVTNAYVVAYQAGDQSYFLRDAPRGAETHLFTGTTRSSLPFNGSYPDLERYAGHRDQIPLGIDQLIQSVTALRFPGGSTRTQARSILILIQMISEAARFNPILWRYRQYINSGASFLPDVYMLELETSWGQQSTQVQHSTDGVFNNPIRLAIPPGNFVTLTNVRDVIASLAIMLFVCGE,[N-]=[N+]=[N-]
B12,QAEWRSWEVNKRLEYSLVKGITEFIEQDTEEARQQATRPCEVIEGPLMDGMNVVGDLFGEGKMFLPQVVKSARVMKQAVAYLEPFIEASKEQCKTNGKMVIATVKGDVHDIGKNIVGVVLQCNNYEIVDLGVMVPAEKILRTAKEVNADLIGLSGLITPSLDEMVNVAKEMERQGFTIPLLIGGATTSKAHTAVKIEQNYSGPTVYVQNASRTVGVVAALLSDTQRDDFVARTRKEYETVRIQHGRKKPRTPPVTLEAARDNDFAFDWQAYTPPVAHRLGVQEVEASIETLRNYIDWTPFFMTWSLAGKYPRILEDEVVGVEAQRLFKDANDMLDKLSAEKTLNPRGVVGLFPANRVGDDIEIYRDETRTHVINVSHHLRQQTEKTGFANYCLADFVAPKLSGKADYIGAFAVTGGLEEDALADAFEAQHDDYNKIMVKALADRLAEAFAEYLHERVRKVYWGYAPNENLSNEELIRENYQGIRPAPGYPACPEHTEKATIWELLEVEKHTGMKLTESFAMWPGASVSGWYFSHPDSKYYAVAQIQRDQVEDYARRKGMSVTEVERWLAPNLGYDAD,Cc1cc2c(cc1C)n(cn2)C3C(C(C(O3)CO)OP(=O)(O)OC(C)CNC(=O)CCC4(C(C5C6(C(C(C7=[N]6[Co+2]89[N]5=C4C(=C1[NH]8C(=CC2=[N]9C(=C7C)C(C2CCC(=O)N)(C)CC(=O)N)C(C1CCC(=O)N)(C)C)C)CCC(=O)N)(C)CC(=O)N)C)CC(=O)N)C)O
BCL,TKWYQIFDTEKLDDEQVVGGHLALLGVLGFIMGIYYISGIQVFPWGAPGFHDNWFYLTIKPRMVSLGIDTYSTKTADLEAAGARLLGWAAFHFLVGSVLIFGGWRHWTHNLTNPFTGRCGNFRDFSAKSYKEALGPHAVYMSLLFLGWGIVMWAILGFAPIPDFQTINSETFMSFVFAVIFFALGIYWWNNPPNAAIHLNDDMKAAFSVHLTAIGYINIALGCIAFVAFQQPSFAPYYKELDKLVFYLYGEPFNRVSFNFSGAKEFADFPAYAILPKSGEAFGMARVVTNLIVFNHIICGVLYVFAGVYHGGQYLLKIQLNGMYNQIKSIWITKGRDQEVQVKILGTVMALCFATMLSVYAVIVWNTICELNIFGTNITMSFYWLKPLPIFQWMFADPSINDWVMAHVITAGSLFSLIALVRIAFFAHTSPLWDDLGLKKNSYSFPCLGPVYGGTCGVSIQDQLWFAMLWGIKGLSAVCWYIDGAWIASMMYGVPAADAKAWDSIAHLHHHYTSGIFYYFWTETVTIFSSSHLSTILMIGHLVWFISFAVWFEDRGSRLEGADIQTRTIRWLGKKFLNRDVNFRFPVLTISDSKLAGTFLYFGGTFMLVFLFLANGFYQTNSPLPPPV,CC[C@@H]1[C@H](C2=CC3=C(C(=C4[N-]3[Mg+2]56[N]2=C1C=C7[N-]5C8=C([C@H](C(=O)C8=C7C)C(=O)OC)C9=[N]6C(=C4)[C@H]([C@@H]9CCC(=O)OC/C=C(\C)/CCC[C@H](C)CCC[C@H](C)CCCC(C)C)C)C)C(=O)C)C
BCT,GFKMFLAALSFSYIAKALGGIIMKISITQIERRFDISSSLAGLIDGSFEIGNLLVIVFVSYFGLHRPKLIGIGCLLMGTGSILTSLPHFFMGYYRYHMWIYVFMGNMLRGIGETPIVPLGISYIDDFALYLGSLNAIGMIGPVIGFALGSLFAKMYVDIGYVDLSTIRITPKDSRWVGAWWLGFLVSGLFSIISSIPFFFGFFQSLKSILTNPLYVIFLLLTLLQVSSFIGSFTYVFKYMEQQYGQSASHANFLLGIITIPTVATGMFLGGFIIKKFKLSLVGIAKFSFLTSMISFLFQLLYFPLICESKSVAGLTLTYDGNNSVHVDVPLSYCNSECNCDESQWEPVCGNNGITYLSPCLAGCKSSSGHTVFYNCSCVESAHLGECPRDNTCTRKFFIYVAIQVINSLFSATGGTTFILLTVKIVQPELKALAMGFQSMVIRTLGGILAPIYFGALIDKTCMKWSTQGACRIYNSVFFGRVYLGLSIALRFPALVLYIVFIFAMKKKFQG,C(=O)(O)[O-]
BDP,RVFRSADVHGDSFPTNMAVKFMGDELSKLTGGKDSIKVFGNSALGSEKDTVDQVRIGAIDMARVNGASFNEIVPESLIPSFPFLFRDVDHFRKAMYGPAGQKILDAFAAKGMIALTFYESGARSIYAKRPVRTPADMKGLKVRVQPSDLMVDEIRAMGGTPTPMPFAEVYTGLKTGLVDAAENNLPSYEETKHFEVAPDYSETQHAMTPEVLVFSKKIWDTLSPQEQAAIRKAAADSVPYYQKLWTAREASAQQAVTKGGANILPAAQVDRAAFVKAMQPLWTKYEKTPQMKQIVDEIEAT,[C@@H]1([C@@H]([C@H](O[C@H]([C@@H]1O)O)C(=O)O)O)O
BEF,SSGLVPSDDEFLRGKRVLVVDDNFISRKVATGKLKKMGVSEVEQCDSGKEALRLVTEGLTQREEQGSVDKLPFDYIFMDCQMPEMDGYEATREIRKVEKSYGVRTPIIAVSGHDPGSEEARETIQAGMDAFLDKSLNQLANVIREIESK,[Be-](F)(F)F
BGC,SNHRTARLVAIIAGLLGTLMAIATPLLPVEQTTAELNWPQNGVWQSVDAPLIGYVATDLTVTVPCQAAAGLVGPENRNRSVLLSTVPKQAPKAIDRGLLIERINNDLTVIVRNTPVVSAPLEQVLSPDCRYLTFTAHADKVTGEFVGLTQGPDDDDPGEAVRGERSGYDFRPQIVGVFTDLSGPAPEGLQLSATIDTRYSTSPTLLKLLAMIVGVAMTVIALGALHVLDCADGRRHKRFLPSRWWSMTPLDGLVSAMLVWWHFVGANTADDGYILTMARVSEHAGYMANYYRWFGTPESPFGWYYDLLALWAHVSTASVWMRFPTLLMGLACWWVISREVIPRLGAAAKHSRAAAWTAAGLFLAFWLPLNNGLRPEPIIALGILLTWCSVERGVATSRLLPVAVAIIIGALTLFSGPTGIAAVGALLVAIGPLKTIVAAHVSRFGYWALLAPIAAAGTVTIFLIFRDQTLAAELQASSFKSAVGPSLAWFDEHIRYSRLFTTSPDGSVARRFAVLTLLLALAVSIAMTLRKGRIPGTALGPSRRIIGITIISFLAMMFTPTKWTHHFGVFAGLAGCLGALAAVAVTTTAMKSRRNRTVFGAAVLFVTALSFATVNGWWYVSNFGVPWSNSFPEFKFGFTTMLLGLSVLALLVAAWFHFSGRDVSPDRPQRRWQRLLVAPLAVATWALVIFEVVSLTLGMINQYPAWSVGRSNLNALTGKTCGLANDVLVEQNANAGMLTPIGEPAGQALGAVTSLGFGPNGIPSDVSADPAAGINGSRARLPYGLNPATTPVLGSWRSGTQQPAVLRSAWYRLPDRDQAGPLLVVSAAGRFDQGEVEVQWATDEQAAANEPGGSITFGDVGAAPAWRNLRAPLSSIPPEATQIRLVASDDDLAPQHWIALTPPRIPELRTLQEVVGSSDPVMLDWLVGLAFPCQRPFDHRYGVVEVPKWRILPDRFGAEANSPVMDYLGGGPLGITELLLRPSSVPTYLKDDWYRDWGSLQRLTPWYPDAQPARLDLGTATRSGWWSPAPLRLSH,C(C1C(C(C(C(O1)O)O)O)O)O
BLA,GRLFKITACVPSQTRIRTQRELQNTYFTKLVPYENWFREQQRIQKMGGKIVKVELATGKQGINTGLA,Cc1c(c([nH]c1\C=C/2\C(=C(C(=O)N2)C=C)C)\C=C/3\C(=C(C(=N3)\C=C/4\C(=C(C(=O)N4)C)C=C)C)CCC(=O)O)CCC(=O)O
BMA,AADDVNPDDNKEDFAVLCALAALANLQTTVPSIDTSGLAAYDNLQQLNLSLSSKEWKSLFNPKQPPEGFQSDPTWRKQWPIWVTAAAALKAENKEAAVLARAGLTNAPEELRNRARLALIPLLAQAEQIRDRLSEIQKQNEDTTPTAIAKALNKAVYGQDKETGAVYNSADCFSGNVADSTQNSCKAGNQASKATTVAATIVCVCHKKNGGNDAANACGRLINHQSDAGANLATASSDFGDIIATCAARPPKPLTAAYLDSALAAVSARIRFKNGNGYLGKFKATGCTGSASEGLCVEYTALTAATMQNFYKIPWVKEISNVAEALKRTEKDAAESTLLSTWLKASENQGNSVAQKLIKV,OC[C@H]1O[C@@H](O)[C@@H](O)[C@@H](O)[C@@H]1O
BPH,SAVPRALPLPSGETLPAEAISSTGSQAASAEVIPFSIIEEFYKRPGKTLAARFFGVDPFDFWIGRFYVGLFGAISIIGIILGVAFYLYEGVVNEGTLNILAMRIEPPPVSQGLNVDPAQPGFFWFLTMVAATIAFVGWLLRQIDISLKLDMGMEVPIAFGAVVSSWITLQWLRPIAMGAWGHGFPLGITHHLDWVSNIGYQYYNFFYNPFHAIGITLLFASTLFLHMHGSAVLSEAKRNISDQNIHVFWRNILGYSIGEIGIHRVAFWTGAASVLFSNLCIFLSGTFVKDWNAFWGFWDKMPIWNGVGQ,O=C(OC\C=C(/C)CCCC(C)CCCC(C)CCCC(C)C)CCC6c4nc(cc1c(c(C(=O)C)c(n1)cc5nc(cc3c(c2C(=O)C(c4c2n3)C(=O)OC)C)C(CC)C5C)C)C6C
BTI,QIKKLLVANRGEIAIRIFEAAAELDISTVAIYSNEDKSSLHRYKADESYLVGSDLGPAESYLNIERIIDVAKQANVDAIHPGYGFLSENEQFARRCAEEGIKFIGPHLEHLDMFGDKVKARTTAIKADLPVIPIDNPKHIEVQVIGDEHGNIVHLFERDCSVQRRHQKVVEVAPSVGLSPTLRQRICDAAIQLMENIKYVNAGTVEFLVSGDEFFFIEVNPRVQVEHTITEMVTGIDIVKTQILVAAGADLFGEEINMPQQKDITTLGYAIQCRITTEDSLLVKLSTHAISFKQAEEKMVRSLREMRIRGVKTNIPFLINVMKNKKFTSGDYTTKFIEETPELFDIQPSLDRGTKTLEYIGNVTINGFPNVEKRPKPDYELASIPTVSSSKIASFSGTKQLLDEVGPKGVAEWVKKQDDVLLTDTTFRDAHQSLLATRVRTKDMINIASKTADVFKDGFSLEMWGGATFDVAYNFLKENPWERLERLRKAIPNVLFQMLLRASNAVGYKNYPDNVIHKFVQESAKAGIDVFRIFDSLNWVDQMKVANEAVQEAGKISEGTICYTGDILNPERSNIYTLEYYVKLAKELEREGFHILAIKDMAGLLKPKAAYELIGELKSAVDLPIHLHTHDTSGNGLLTYKQAIDAGVDIIDTAVASMSGLTSQPSANSLYYALNGFPRHLRTDIEGMESLSHYWSTVRTYYSDFESDIKSPNTEIYQHEMPGGQYSNLSQQAKSLGLGERFDEVKDMYRRVNFLFGDIVKVTPSSKVVGDMALYMVQNDLDEQSVITDGYKLDFPESVVSFFKGEIGQPVNGFNKDLQAVILKGQEALTARPGEYLEPVDFEKVRELLEEEQQGPVTEQDIISYVLYPKVYEQYIQTRNQYGNLSLLDTPTFFFGMRNGETVEIEIDKGKRLIIKLETISEPDENGNRTIYYAMNGQARRIYIKDENVHTNANVKPKADKSNPSHIGAQMPGSVTEVKVSVGETVKANQPLLITEAMKMETTIQAPFDGVIKQVTVNNGDTIATGDLLIEIE,O=CCCCC[CH]1SC[CH]2NC(=O)N[CH]12
BTN,SCPSQCSCSGTDVNCDGARFASVPAAIPITTQRLWLSNNQLTKLDPGVFDSLTQLTTLYLSNNQLTALPAGVFDKLTQLKELGLDQNQLKSIPDGAFARLPSLTHVWLHTNPWDCQCTDILYLSGWVAQHSSIVGEGWLRSWTVNPDNAKCSGTNTPVRAVTEASTSPSKCP,OC(=O)CCCC[CH]1SC[CH]2NC(=O)N[CH]12
BU3,WKEAETTLFCASDAKAYETEKHNVWATHACVPTDPNPQEIHLENVTEEFNMWKNNMVEQMHTDIISLWDQSLKPCVKLTGGSAITQACPKVTFEPIPIHYCAPAGFAILKCKDEEFNGIGPCKNVSTVQCTHGIKPVVSTQLLLNGSLAEKEVKIRCENITNNAKTIIVQLVNPVKINCTRPNDIRQAHCNVNRTEWNNTLHQVVEQLRKHFNKTINFANSTGGDLEITTHSFNCGGEFFYCNTTNLFNSTWNHTADTIILPCRIKQIINMWQRVGQAMYAPPIRGVIRCESNITGLILTRDGGNTNSTRETFRPGGGDMRDNWRSELYKYKVVKIE,C[C@H]([C@@H](C)O)O
C2E,PRSDEKRILSNVAVLEGAPPLSEHWQLFNNNEVLFNEARTAQAATVVFSLQQNAQIEPLARSIHTLRRQRGSAMKILVRENTASLRATDERLLLACGANMVIPWNAPLSRCLTMIESVQGQKFSRYVPEDITTLLSMTQPLKLRGFQKWDVFCNAVNNMMNNPLLPAHGKGVLVALRPVPGIRVEQALTLCRPNRTGDIMTIGGNRLVLFLSFCRINDLDTALNHIFPLPTGDIFSNRMVWFEDDQISAELVQMRLLAPEQWGMPLPLTRRIPEPMRLLD,O=C7NC(=Nc1c7ncn1C6OC5COP(=O)(OC4C(OC(n2c3N=C(N)NC(=O)c3nc2)C4O)COP(=O)(O)OC5C6O)O)N
C5P,HMQFEVLKRFFPKESLKNCKGALWVHTASIGEFNTFLPILKELKREHRILLTYFSPRAREYLKTKSDFYDCLHPLPLDNPFSVKRFEELSKPKALIVVEREFWPSLIIFTKVPKILVNAYAKGSLIEKILSKKFDLIIMRTQEDVEKFKTFGAKRVFSCGNLKFICQKGKGIKLKGEFIVAGSIHTGEVEIILKAFKEIKKTYSSLKLILVPRHIENAKIFEKKARDFGFKTSFFENLEGDVILVDRFGILKELYPVGKIAIVGGTFVNIGGHNLLEPTCWGIPVIYGPYTHKVNDLKEFLEKEGAGFEVKNETELVTKLTELLSVKKEIKVEEKSREIKGCYLEKLREFLRG,NC1=NC(=O)N(C=C1)[CH]2O[CH](CO[P](O)(O)=O)[CH](O)[CH]2O
C8E,PAQSVSNLYNEASGFFGNGKFSFETGITYARYDARIKADNWTLDLTGRYNLDNRWQFDVNVPVVYRESTYQSEESVSRDPTIGDVNFGIAYKFLDESATMPDAVVSVRVKAPTGKEPFGIKLVRYVPESLPTGNGVWSITPGLSMVKTFDPAVLFGSVSYTHNLEDSFDDISSDVNQKVGGKVRLGDSFQFGVGVAFALNERMSMSFSVSDLIQRKSKLKPDGGGWQSIVSSDANAGYFNVGMTIAASENLTIVPNLAIGMTDDAPDFTFSLKFPYYF,O(CCCCCCCC)CCOCCOCCOCCO
CA,NISVDKVAISDGIAQVDYQVSNQENQAVVGIPSATFIAAQLLPQGATGAGNSSEWQHFTSETCAASCPGTFVDHKNGHYSYRFSATFNGMNGVTFLSDATQRLVIKIGGDALADGTVLPITNQHYDWQSSGNMLAYTRNLVSIDTCNSCHSNLAFHGGRYNQVETCVTCHNSKKVSNAADIFPQMIHSKHLTGFPQSISNCQTCHADNPDLADRQNWYRVPTMEACGACHTQINFPAGQGHPAQTDNSNCVACHNADWTANVHSNAAQTSALAQFNASISSASMDANGTITVAVSLTNPTTGTAYADSADKLKFISDLRIYANWGTSFDYSSRSARSIRLPESTPIAGSNGTYSYNISGLTVPAGTESDRGGLAIQGRVCAKDSVLVDCSTELAEVLVIKSSHSYFNMSALTTTGRREVISNAKCASCHGDQQLNIHGARNDLAGQCQLCHNPNMLADATATNPSMTSFDFKQLIHGLHSSQFAGFEDLNYPGNIGNCAQCHINDSTGISTVALPLNAAVQPLALNNGTFTSPIAAVCSNCHSSDATQNHMRQQGAVFAGTKADATAGTETCAFCHGQGTVADVLKVHPINKG,[Ca++]
CDP,PTRLSLEAMLAERAMVARQDLAGLKRKLAGADRVLAPQSPEQCGRESAQAQARSVTSELKSAVKEAQGLEHQTLDFLEQLGEYPVCGILHGDHPVHPSGTHNNNGKVSVKRQFAAGVNTSDALTCAFRFEDSDLVRETALKTTYTDGTWAGFVQRLKMQTTRKCVQEKVSRKLLKQLFPYDPQKLVDVSGELSELVLGIKTNAIASAGPPYWRTKRDALPDMLDCVLPLLYDHIVRKDLTTLRNKHPELFLAECKNKTDRYEVESLGEKTRPYFSHPFHLSALVSVLSQSFSGALKIMTEDSTSFNAYGFSWTNGGAEDLAIWARQAGEAGKKPPRIACYGDDTDIYYRKDGKLYRICPDFKQMDGSVDATTIEAVVDYVVDAHVKQYPTARQFWEEVGKLWVEMATQSPFLIDGTKVYRKMQKDGLMTGVVGTTLFDTVKSALAYNDWADQLMFGSLNLLEEKYAIEFFKNKHGLVIKEGTWKPALVNEDPGFGELWTEQKFLGLQLKVVRRENEKVYVPNLPFEDWLTMWVTPRSKYRSKETETMRERTLFDRARGLLVTGAVFDERARGLMGAVINSTAPEVVCMRVQEGGGRGAPPAYAFLTRDGVFEFPISDGYPSYDWVVSLYSRDHPCDMPRVFPEAATLIASYRKQVMDTRVVIKEE,C1=CN(C(=O)N=C1N)C2C(C(C(O2)COP(=O)(O)OP(=O)(O)O)O)O
CHL,PLWYPGAKAPEYLDGSLVGDYGFDPFGLGKPAEYLQYDYDGLDQNLAKNLAGDIIGTRTESADVKSTSLQPYSEVFGLQRFRECELIHGRWAMLATLGALTVEGLTGITWQDAGKVELIEGSSYLGQPLPFSMTTLIWIEVLVIGYIEFQRNAELDTEKRLYPGGTFDPLGLASDPEKKPILQLAEIKHARLAMVGFLGFAVQAAVTGKGPLNNWVTHLSDPLHTTILDRFL,CCC1=C(c2cc3c(c(c4n3[Mg]56[n+]2c1cc7n5c8c(c9[n+]6c(c4)C(C9CCC(=O)OCC=C(C)CCCC(C)CCCC(C)CCCC(C)C)C)C(C(=O)c8c7C)C(=O)OC)C)C=C)C=O
CL,GSARLKGITLRIGVIESVPFTIVANVIDGRNTTKLTGYVLDLIEYLRDKMGFVADVQLAPPNTSYTGLVLALANGDYDIAIGDITVTSARREIVAFSNSISDNSMRILMRKGTLIDGMDDLKNGKIPYNRIGIRIGTAGEDYYLREISGGSRNFYPLKSRQEMYDSLLAGIIDVSFMDIGTAEYVTNNIYCNLTLVGEDFDKSTFGIVTPKEWLYAKDLDVNILSLRETGILDNLKKKWFQTKACP,[Cl-]
CLA,LDGMVGTSVETGGKIFDPLNLSDYIPADRARAAELANGRSAMLATVGYVFPKWFGHFEGDVSVDDPIAAIGQADPQWWAQFIIFCGTIEAYKYRMELEGKSSTGGGEPAIDWMKMYPKDEAGRRDMELKELKNGRLAMLGIAGFVSAHFIPGAVPI,CCC1=C(C2=Cc3c(c(c4n3[Mg]56[N]2=C1C=C7N5C8=C(C(C(=O)C8=C7C)C(=O)OC)C9=[N]6C(=C4)C(C9CCC(=O)OCC=C(C)CCCC(C)CCCC(C)CCCC(C)C)C)C)C=C)C
CLR,RGFSAAWTAVLAALMALLIVATVLGNALVMLAFVADSSLRTQNNFFLLNLAISDFLVGAFCIPLYVPYVLTGRWTFGRGLCKLWLVVDYLLCTSKAFNIVLISYDRFLSVTRAVSYRAQQGDTRRAVRKMLLVWVLAFLLYGPAILSWEYLSGGSSIPEGHCYAEFFYNWYFLITASTLEFFTPFLSVTFFNLSIYLNIQRRTRLRLDGAREAAGRFRLSRDRKVAKSLAVIVSIFGLCWAPYTLLMIIRAACHGHCVPDYWYETSFWLLWANSAVNPVLYPLCHHSFRRAFTKLLCPQKL,CC(C)CCCC(C)C1CCC2C1(CCC3C2CC=C4C3(CCC(C4)O)C)C
CMP,VTEVEQKLQIVHQTLSMLDSHGFENILQEMLQSITLKTGELLGADRTTIFLLDEEKQELWSIVAAGEGDRSLEIRIPADKGIAGEVATFKQVVNIPFDFYHDPRSIFAQKQEKITGYRTYTMLALPLLSEQGRLVAVVQLLNKLKPYSPPDALLAERIDNQGFTSADEQLFQEFAPSIRLILESSRSFYIATQKQRAAAAMMKAVKSLSQSSLDLEDTLKRVMDEAKELMNADRSTLWLIDRDRHELWTKITQDNGSTKELRVPIGKGFAGIVAASGQKLNIPFDLYDHPDSATAKQIDQQNGYRTCSLLCMPVFNGDQELIGVTQLVNKKKTGEFPPYNPETWPIAPECFQASFDRNDEEFMEAFNIQAGVALQNAQLFATV,c1nc(c2c(n1)n(cn2)C3C(C4C(O3)COP(=O)(O4)O)O)N
CO,KPQLQRLAADADVDRMCRLLEEDGAFILKGLLPFDVVESFNRELDVQMAIPPPKGERLLADKFPPHFKYVPNVATTCPTFRNTVLINPVIHAICEAYFQRTGDYWLSAAFLREIESGMPAQPFHRDDATHPLMHYQPLEAPPVSLSVIFPLTEFTEENGATEVILGSHRWTEVGTPERDQAVLATMDPGDVLIVRQRVVHAGGGNRTTAGKPRRVVLAYFNSVQLTPFETYRTMPREMVESMTVLGQRMLGWRTMKPSDPNIVGINLIDDKRLENVLQLKAADSPALEVDLQGD,[Co+2]
CO3,TSIEVNKQSIARNFGVKEDEVIYFTAGIDLSGFKVIYDESTQRAYSLPFGIVSGTTAISLDERAILTHSAGSVDLGELAVSREEYVTLPGSFNFGHTINVKNELLVHDDKKYRWDGSLPKVVAAGSTPDSSGGVGLGAWLSVGDAALRAELNTKVSDGTFPATIKYKYGLPSVIDGAIYRTVQDKLDDFVFLEDFGGKDDAGSTDNSIAFRKAFASGARKIRLRGSGVYGMATRDIELPAKYEIIGNAKNPEIKYLGTDTSFTMFTLTGSGPASNQWKQGGMFRDLIISSDVKINWMLGRHVQNLDYDRVFFYNSATVLNNYHYVNFTRCERWGSAFIGRADLNTIQFISESPKFHLCFSSGSPIDVWDTADLAITKCTMFAGDYAVRTRVTQKQVTAPDLFAGYPVLITCSVFDAVRGHAWDLEGSVYSTITGNLVSAGRDTNSHGAYIKGGRSLSLTGNVFTYCGNYGLVLEDVQQSGFVGNVFNGNKTGGLGTLACKDLSIVGGSMGTTYVRGGYYTQPVGYSDISSNSTGILLSGVAFDEALTTKVYLDTSITTRNKVINCSGVPDTIARGSTANRPANPQASYQYYDTTLGIPIWWNSVSGTWKNAAGADV,C(=O)([O-])[O-]
COA,LIDYSKLSKEVAYALRHAPWEYGLELDAEGWVDINQLLSSLHECEKWKKVSEHDLHVMIEKSDKKRYEISNGKIRALYGHSIPQRIIKEQKCPPEVLYHGTARRFVKSIKEKGLQPQGRQYVHLSADVETALQVGKRRDIKPVLLIVNALEAWSEGIKFYLGNDKVWLADAIPSKYIRFE,CC(C)(COP(=O)(O)OP(=O)(O)OCC1C(C(C(O1)n2cnc3c2ncnc3N)O)OP(=O)(O)O)C(C(=O)NCCC(=O)NCCS)O
COM,GTMVKQIESKTAFQKALKAAGDKLVVVDFSATWCGPCKMIKPFFHSLSEKYSNVIFLEVDVDDCQDVASECEVKCMPTFQFFKKGQKVGEFSGANKKKLEATINKLV,O[S](=O)(=O)CCS
CTP,SARKRIVVGVAGGIAAYKACTVVRQLTEAGHSVRVVPTESALRFVGAATFEALSGNPVHTGVFTDVHEVQHVRIGQQADLVVIAPATADLLARAVAGRADDLLTATLLTARCPVLFAPAMHTEMWLHPATVDNVATLRRRGAVVLEPASGTGADSGPGRLPEAEEITTLAQLLLERADALPYDMAGVKALVTAGGTREPLDPVRFIGNRSSGKQGYAVARVLAQRGADVTLIAGNTAGLIDPAGVEMVHIGSATQLRDAVSKHAPDANVLVMAAAVADFRPAHVAAAKSSIDLVRNDDVLAGAVRARADGQLPNMRAIVGFAAETGDANGDVLFHARAKLERKGCDLLVVNAVGWLLSADGTESALEHGSKTLMATRIVDSIAAFLKSQ,C1=CN(C(=O)N=C1N)C2C(C(C(O2)COP(=O)(O)OP(=O)(O)OP(=O)(O)O)O)O
CU,TQQSAANMLAAHKGVNQAPVPLKMERVGPHDVHIEMTAQITDIEIDKGKIYKAWTFNGQAPGPLVVVNEGDTIHFTLKNMDPVVPHSMDFHAVHASPSKDFIDVMPNKSGTFTYPANKPGVFMYHCGTKPVLQHIANGMHGVIIVKPKNGYPTDKEVDREYVLIQNEWYKYNDMNDFQNGVPSYVVFSSKALKPGDPNTNGDTFTLKEKPLLAKVGEKIRLYINNVGPNEVSSFHVVGTVFDDVYLDGNPNNHLQGMQTVMLPASGGAVVEFTVTRPGTYPIVTHQFNHAQKGAVAMLKVTET,[Cu+2]
CU1,MKMSDMHSSASSQEYMAGMKNMHEKMMAAVNESNPDKAFAKGMIAHHEGAIAMAETELKYGKDPEMRKLAQDIIKAQKGEIEQMNKWLDSHK,[Cu+]
CYC,TVQLSDQSLRQLETLAIHTAHLIQPHGLVVVLQEPDLTISQISANCTGILGRSPEDLLGRTLGEVFDSFLTAGQISSLNPSKLWARVMDFVIFDGVFHRNSDGLLVCELEPAYTSDNLPFLGFYHMANAALNRLNLRDFYDVIVEEVRRMTGFDRVMLYRFDENNHGDVIAEDKRDDMEPYLGLHYPESDIPQPARRLFIHNPIRVIPDVYGVAVPLTPAVNPSTNRAVDLTESILRSAYHCHLTYLKNMGVGASLTISLIKDGHLWGLIACHHQTPKVIPFELRKACEFFGRVVFSNISAQEDTETFDYRVQLAEHEAVLLDKMTTAADFVEGLTNHPDRLLGLTGSQGAAICFGEKLILVGETPDEKAVQYLLQWLENREVQDVFFTSSLSQIYPDAVNFKSVASGLLAIPIARHNFLLWFRPEVLQTVNWGGDPNHAYEATQKIELHPRQSFDLWKEIVRLQSLPWQSVEIQSALALKKAIVNLILRQAEEHHHHHH,CC[C@@H]1[C@@H](C)C(=O)N\C1=C/c2[nH]c(\C=C3/N=C(\C=C4/NC(=O)C(=C4C)CC)C(=C3CCC(O)=O)C)c(CCC(O)=O)c2C
CYS,QTQQLHAAMADTFLEHMCRLDIDSPPITARNTGIICTIGPASRSVETLKEMIKSGMNVARLNFSHGTHEYHAETIKNVRTATESFASDPILYRPVAVALDTKGPEIRTYKNIGSKIYVDDGLISENGGGVNLPGAAVDLPAVSEKDIQDLKFGVEQDVDMVFASFIRKASDVHEVRKVLGEKGKNIKIISKIENHEGVRRFDEILEASDGIMVARGDLGIEIPAEKVFLAQKMMIGRCNRAGKPVICATQMLESMIKKPRPTRAEGSDVANAVLDGADCIMLSGETAKGDYPLEAVRMQHLIAREAEAAIYHLQLFEELRRLAPITSDPTEATAVGAVEASFKCCSGAIIVLTKSGRSAHQVARYRPRAPIIAVTRNPQTARQAHLYRGIFPVLCKDPVQEAWAEDVDLRVNFAMNVGKARGFFKKGDVVIVLTGWRPGSGFTNTMRVVPVP,N[CH](CS)C(O)=O
DD6,FAGGLTGSDYGGFGGKYEWDPVGFSTRWPEHLAWYREAELKHGRIAMLAFAGLLAPDLFRLPWAEFQDSSLDFANAHDKFVAGFGPMWWGFIACGGIEYQRFRKLGLGMEGLTLENAGNLGWFDLPKNSEERLFYETAELKNGRLAMLAVSGIFTAGIFWDQHHFPFI,CC([C@H]=C[C@H]=C(C#CC=1C(C)(C)CC(CC=1C)O)C)=[C@H]C=[C@H]\C=C(/C)\C=C\C=C(/C)\C=C/C32OC2(CC(CC3(C)C)O)C
DMU,QEECVCENYKLAVNCFVNNNRQCQCTSVGAQNTVICSKLAAKCLVMKAEMQGSKLGRRAKPEGALQNNDGLYDPDCDESGLFKAKQCQGTSTCWCVNTAGVRRTDKDTEITCSERVRTYWIIIELKHKAREKPYDSKSLRTALQKEITTRYQLDPKFITSILYENNVITIDLVQQSSQKTQNDVDIADVAYYFEKDVKGESLFHSKKMDLTVNGEQLDLDPGQTLIYYVDEKAPEFSMQGLKH,CCCCCCCCCCO[CH]1O[CH](CO)[CH](O[CH]2O[CH](CO)[CH](O)[CH](O)[CH]2O)[CH](O)[CH]1O
DTP,GPHMATGQDRVVALVDMDCFFVQVEQRQNPHLRNKPCAVVQYKSWKGGGIIAVSYEARAFGVTRSMWADDAKKLCPDLLLAQVRESRGKANLTKYREASVEVMEIMSRFAVIERASIDEAYVDLTSAVQERLQKLQGQPISADLLPSTYIEGLPQGPEETVQKEGMRKQGLFQWLDSLQIDNLTSPDLQLTVGAVIVEEMRAAIERETGFQCSAGISHNKVLAKLACGLNKPNRQTLVSHGSVPQLFSQMPIRKIRSLGGKLGASVIEILGIEYMGELTQFTESQLQSHFGEKNGSWLYAMCRGIEHDPVKPRQLPKTIGCSKNFPGKTALATREQVQWWLLQLAQELEERLTKDRNDNDRVATQLVVSIRVQGDKRLSSLRRCCALTRYDAHKMSHDAFTVIKNCNTSGIQTEWSPPLTMLFLCATKFSAS,c1nc(c2c(n1)n(cn2)[C@H]3C[C@@H]([C@H](O3)CO[P@](=O)(O)O[P@@](=O)(O)OP(=O)(O)O)O)N
F3S,RRPVEKILPYVRQPEEIIPGIPLYYATAMPFRGSVRPLLVESHEGRPTKIEGNPDHPLSRGATGVFEQASLLNLYDPDRSQQVLRKGEPASWGDFVQFARSLAAEAGTKRLAVLCEPSSSPTLAALRRELERRYAQVRWVTYRPEGDDHEALGLQQAFGRPVRARYRFSEARVIVSLDADFLGPTDRNFVENTREFAASRRMERPEDEISRLYVIESTYTVTGGMADHRLRLRAGDIPAFAAALAAELGVGELREAGARFAGHPYVVEIARDLRAAGARGVVLAGETQPPAVHALCAVINDLLGSLGRTVILHALDEPATAQHAALAELVQAMQAGAVDALLLLNVNPVYDAPAALGFAEALAQVPEVIHLGLHVDETARRSTWHLPSTHYLEAWGDGRAYDGTLSVIQPLIAPLYEAAHSPLEVLALLATGEEQSAYDLVRNTWRRLLAGRGAFEQAWQRVLHDGFLPDSGYPTVSLRPNRQALADWPQAAEGGLEVVFRLDPTVLDGSFANNAWAQELPDPITKIVWDNVAILSPKTAAALGVKAEYHKGVYIADVIELSLDGRAVELPVWVLPGHPDDSITVYLGYGREITSTRPERKTPFFDLDDYTDIYGHGAIATGVGVNVAPLRRPDNTWVAYGAQVRKTGRTYKIVTTQDHGSMVGRPLVRLATVEEFRKNPDFAKEAEPPLEGLEPWDQYPTLWEENHPSKQPAFQDSDYYRNQWAMVIDLNACTGCNACIVACDSENNIPMVGKNEVGRGREMHWLRIDRYFVSDEAHADDPQIVVQPVPCMHCENAPCESVCPVAATVHSPDGLNEMVYNRCIGTRYCSNNCPYKVRRFNWFNWVKTLPIQVQMAQNPDVTVRFRGVMEKCTYCVQRIREAQRQANIEKRPLRDGEVKTACQQACPAEAITFGDLNDPNNAVVKQRQNARRYEMLAALNVKPRTSYLARITNPNPRLLEQ,S1[Fe]S[Fe]2S[Fe]1S2
FAD,NRDIAQVVTENNKNYLVLYASQTGTAEDYAKKFSKELVAKFNLNVMCADVENYDFESLNDVPVIVSIFISTYGEGDFPDGAVNFEDFICNAEAGALSNLRYNMFGLGNSTYEFFNGAAKKAEKHLSAAGAIRLGKLGEADDGAGTTDEDYMAWKDSILEVLKDELHLDEQEAKFTSQFQYTVLNEITDSMSLGEPSAHYLPSHQLNRNADGIQLGPFDLSQPYIAPIVKSRELFSSNDRNCIHSEFDLSGSNIKYSTGDHLAVWPSNPLEKVEQFLSIFNLDPETIFDLKPLDPTVKVPFPTPTTIGAAIKHYLEITGPVSRQLFSSLIQFAPNADVKEKLTLLSKDKDQFAVEITSKYFNIADALKYLSDGAKWDTVPMQFLVESVPQMTPRYYSISSSSLSEKQTVHVTSIVENFPNPELPDAPPVVGVTTNLLRNIQLAQNNVNIAETNLPVHYDLNGPRKLFANYKLPVHVRRSNFRLPSNPSTPVIMIGPGTGVAPFRGFIRERVAFLESQKKGGNNVSLGKHILFYGSRNTDDFLYQDEWPEYAKKLDGSFEMVVAHSRLPNTKKVYVQDKLKDYEDQVFEMINNGAFIYVCGDAKGMAKGVSTALVGILSRGKSITTDEATELIKMLKTSGRYQEDVW,Cc1cc2N=C3C(=O)NC(=O)N=C3N(C[C@H](O)[C@H](O)[C@H](O)CO[P@](O)(=O)O[P@@](O)(=O)OC[C@H]4O[C@H]([C@H](O)[C@@H]4O)n5cnc6c(N)ncnc56)c2cc1C
FBP,TDVNTLTRFVMEEGRKARGTGELTQLLNSLCTAVKAISSAVRKAGIAHLYGIAGSTNVTGDQVKKLDVLSNDLVMNMLKSSFATCVLVSEEDKHAIIVEPEKRGKYVVCFDPLDGSSNIDCLVSVGTIFGIYRKKSTDEPSEKDALQPGRNLVAAGYALYGSATMLVLAMDCGVNCFMLDPAIGEFILVDKDVKIKKKGKIYSLNEGYARDFDPAVTEYIQRKKFPPDNSAPYGARYVGSMVADVHRTLVYGGIFLYPANKKSPNGKLRLLYECNPMAYVMEKAGGMATTGKEAVLDVIPTDIHQRAPVILGSPDDVLEFLKVYEKHSA,O[C@H]1[C@H](O)[C@@](O)(CO[P](O)(O)=O)O[C@@H]1CO[P](O)(O)=O
FDA,MIRTGTQYLESLNDGRNVWVGNEKIDNVATHPKTRDYAQRHADFYDLHHRPDLQDVMTYIDEGGQRRAMQWFGHRDKEQLRRKRKYHETVMREMAGASFPRTPDVNNYVLTTYIDDPAPWETQSIGDDGHIKAGKIVDFIRYAREHDLNCAPQFVDPQMDRSNPDAQERSPGLRVVEKNEKGIVVNGVKAIGTGVAFADWIHIGVFFRPGIPGDQVIFAATPVNTPGVTIVCRESLVKDDKVEHPLAAQGDELDGMTVFENVFIPWSHVFHIGNPNHAKLYPQRVFDWLHYHALIRQMVRAELVAGLAVLITEHIGTNKIPAVQTRVAKLIGFHQAMLAHLIASEELGFHTPGGHYKPNILIYDFGRALYLENFSQMIYELVDLSGRSALIFASEDQWNDDKLNGWFERMNNGPVGRPHDRVKIGRVIRDLFLTDWGSRLFVFENFNGTPLQGIRMLTMQRAEFSGSGPYGKLARQVCGIDS,Cc1cc2c(cc1C)N(C3=C(N2)C(=O)NC(=O)N3)CC(C(C(COP(=O)(O)OP(=O)(O)OCC4C(C(C(O4)n5cnc6c5ncnc6N)O)O)O)O)O
FE,HLKTIVKKHLSPENFDPTNRKYWVYDDHLKNFVNFKFTGDVRPWPLSKINHVPSHIERPDYAISSIPESELIYKRKSDIYVNNEEEIQRIREACILGRKTLDYAHTLVSPGVTTDEIDRKVHEFIIKNNAYPSTLNYYKFPKSCCTSVNEIVCHGIPDYRPLKSGDIINIDISVFYKGVHSDLNETYFVGDINDVPKEGKELVETCYFSLMEAIKKCKPGMFYKNIGTLIDAYVSKKNFSVVRSYSGHGVGKLFHSNPTVPHFKKNKAVGIMKPGHVFTIEPMINQGHYSDVLWPDQWTSATSDGKLSAQFEHTLLITNNGVEILTKRTQDSPPLGFDTKDELYY,[Fe+3]
FE2,EEKLYPNCDATVWLRSCEEEVSEPLEGTMTGEFPSWLRGTLLRNGPGCLNVGTMRFEHLFDSSALLHRFAIDDGTVTYQCRFLRTNTLKKNRAANRIVVTEFGTKSAMSDNAMISVYPFGDEVYAFTEGPIIHRVDTVTLDTLEQKNMTDCVALVNHTSHPHVMPNGDVYNVGMSVVKGRIRHVVAKFPFTEKGDMFKSAHIVASMAPRWALHPAYMHTFGITENYFVIVEQPLSISVYGLMTNLINNNKLAASLKWYPEYETHIVLLSRTTGKEVKRFRTDTLFFLHIINCYEHEGELVVDLCTYKDAKVVDAMYVHAIETMQSNADYAEWFRAKPKRLQVSLNAPKMTRMKSSILADIGCETPRIHYDLHNSKYYRYFYAISSDVDAENPGTVIKVDTKTGETKTWCRPNCYPSEPIFVPSPNAKDEDDGVLLSALVWGGEMNQTVALLVLNAKTMEEMGRATFNTPSPAPKCLHGWFLPT,[Fe+2]
FES,MKIYVDGREVIINDNERNLLEALKNVGIEIPNLCYLSEASIYGACRMCLVEINGQITTSCTLKPYEGMKVKTNTPEIYEMRRNILELILATHNRDCTTCDRNGSCKLQKYAEDFGIRKIRFEALKKEHVRDESAPVVRDTSKCILCGDCVRVCEEIQGVGVIEFAKRGFESVVTTAFDTPLIETECVLCGQCVAYCPTGALSIRNDIDKLIEALESDKIVIGMIAPAVRAAIQEEFGIDEDVAMAEKLVSFLKTIGFDKVFDVSFGADLVAYEEAHEFYERLKKGERLPQFTSCCPAWVKHAEHTYPQYLQNLSSVKSPQQALGTVIKKIYARKLGVPEEKIFLVSFMPCTAKKFEAEREEHEGIVDIVLTTRELAQLIKMSRIDINRVEPQPFDRPYGVSSQAGLGFGKAGGVFSCVLSVLNEEIGIEKVDVKSPEDGIRVAEVTLKDGTSFKGAVIYGLGKVKKFLEERKDVEIIEVMACNYGCVGGGGQPYPNDSRIREHRAKVLRDTMGIKSLLTPVENLFLMKLYEEDLKDEHTRHEILHTTYRPRRRYPEKDVEILPVPNGEKRTVKVCLGTSCYTKGSYEILKKLVDYVKENDMEGKIEVLGTFCVENCGASPNVIVDDKIIGGATFEKVLEELS,[Fe]1S[Fe]S1
FLC,EQREIPDVSTLTYAEAVKKLTAAGFGRFKQANSPSTPELVGKVIGTNPPANQTSAITNVVIIIVGSGPATKDIPDVAGQTVDVAQKNLNVYGFTKFSQASVDSPRPAGEVTGTNPPAGTTVPVDSVIELQVSKGNQFVMPDLSGMFWVDAEPRLRALGWTGMLDKGADVDAGGSQHNRVVYQNPPAGTGVNRDGIITLRFGQ,OC(CC([O-])=O)(CC([O-])=O)C([O-])=O
FMN,NRDIAQVVTENNKNYLVLYASQTGTAEDYAKKFSKELVAKFNLNVMCADVENYDFESLNDVPVIVSIFISTYGEGDFPDGAVNFEDFICNAEAGALSNLRYNMFGLGNSTYEFFNGAAKKAEKHLSAAGAIRLGKLGEADDGAGTTDEDYMAWKDSILEVLKDELGVEATGEESSIRQYELVVHTDIDAAKVYMGEMGRLKSYENQKPPFDAKNPFLAAVTTNRKLNQGTERHLMHLELDISDSKIRYESGDHVAVYPANDSALVNQLGKILGADLDVVMSLNNLDEESNKKHPFPCPTSYRTALTYYLDITNPPRTNVLYELAQYASEPSEQELLRKMASSSGEGKELYLSWVVEARRHILAILQDCPSLRPPIDHLCELLPRLQARYYSIASSSKVHPNSVHICAVVVEYETKAGRINKGVATNWLRAKEPARALVPMFVRKSQFRLPFKATTPVIMVGPGTGVAPFIGFIQERAWLRQQGKEVGETLLYYGCRRSDEDYLYREELAQFHRDGALTQLNVAFSRHKVYVQHLLKQDREHLWKLIEGGAHIYVCGDARNMARDVQNTFYDIVAELGAMEHAQAVDYIKKLMTKGRYSLDVWS,Cc1cc2c(cc1C)N(C3=NC(=O)NC(=O)C3=N2)CC(C(C(COP(=O)(O)O)O)O)O
FRU,MHHHHHHSSGVGTENLYFQSNAMMNQDIEKVLISEEQIQEKVLELGAIIAEDYKNTVPLAIGVLKGAMPFMADLLKRTDTYLEMDFMAVSSYGHSTVSTGEVKILKDLDTSVEGRDILIVEDIIDSGLTLSYLVDLFKYRKAKSVKIVTLLDKPTGRKVDLKADYVGFTVPHEFVVGYGLDYKEQYRNLPYVGVLKPSVYS,OC1C(O)C(OC1(O)CO)CO
FUC,SYVEKNLLSSTTGAAMVGLPSGGNLLQAQYFVTPEQFGAIGDGVTDDTQAILKTITFANTNNIQVRADKNYRFTSSIAMSGVRWYGGTFTGNGGTMISTVSCWMENVRFEKCYVKMLGGDCRFYRNIFSNATSTAAFLMQAMTSEGTLDFSYNEMYGCKYAILQQGTGEVMTYGRYSNNYIHDIKGDAIELNVVQKHYTEGLIIENNHIANVDASGQGANWGIGIGVAGSGPYGVDVPDSQYVRNFSIVGNRVYNCRQCLHVEMGKNFTIRDNEVYPNTAVSTGTGLTTCGVALYGCQDFEVDGLTGYLLNDPSVSTRMVFIDWGVNNGRYAGPPINFTIKNLDIPESSIEIATSGSDAWENSTIVSNINCNVFKWRGLPSSSTFNNIRCRSIDFIGQHGSGEGSGGGFYTRSQFTYMKWVGCTALSGDETTVSFAKIYTDRCDQVGNNFGVPTAVDGTGHRGPVLTTISEQYFTAYDEFPGGREFPTGTVIHCASGKKHVVTVGGAFFSDNEKIKATVTGQTYLQSNALNWASNGYAKAAGTKIVIPGAGANGGDLVTTIARATYVTNSLYTIDIADPIVTPTAENTQIKALNPVTFVTVN,C[C@@H]1O[C@@H](O)[C@@H](O)[C@H](O)[C@@H]1O
G4P,KFRRSGRLVDLTNYLLTHPHELIPLTFFSERYESAKSSISEDLTIIKQTFEQQGIGTLLTVPGAAGGVKYIPKMKQAEAEEFVQTLGQSLANPERILPGGYVYLTDILGKPSVLSKVGKLFASVFAEREIDVVMTVATKGIPLAYAAASYLNVPVVIVRKDNKVTEGSTVSINYVSGSSNRIQTMSLAKRSMKTGSNVLIIDDFMKAGGTINGMINLLDEFNANVAGIGVLVEAERLVDEYMSLLTLSTINMKEKSIEIQNGNFLRFFKD,c1nc2c(n1C3C(C(C(O3)COP(=O)(O)OP(=O)(O)O)OP(=O)(O)OP(=O)(O)O)O)N=C(NC2=O)N
G6P,GTPALDTAQFTDAYKKANKRLLLFNYDGTLTPIVKVPSHAVPTERTRNAIAALCKDPKNVVYLISGRDGDFLEEHWGHLDRLGLSAEHGSFVKQPGEEDFINMTEALDMSWMSEVEEIFKYYTERTTGSTIEVKKASITWHYRNSDPDFGEFQCKQALDLLESSLAPRRPIEVLVGKKNLEVRPLAVNKGEIVRRLMYENPDVDLIFCAGDDKTDEDMFRALRTIFPPGGVVDNNPVVMKPPVAVTSALEPEEVAELPDVELTIRSKGVFATTVGPPAKRTLAGWHVTCPEEVVEAFESLLEEIQVV,C([C@@H]1[C@H]([C@@H]([C@H]([C@H](O1)O)O)O)O)OP(=O)(O)O
GAL,EVLEFYHGYHHSEDEWPVAKTMRDLYDKFAEEHSGVEFKPTPVNGDLKDIMNNKVASGEFPDVIDLAGNAVSLAAIEQKLVLDLKPYIDSNKLEKNVGLNYKQNQKDGKIYTVHEQLFTMGLWYNKDIFAKAGAKTPDQWNTWDDFTQAMASIRKQDGVYAFGAGEPSIRLFNTVLGTTENGRKLLDKPLTKEGIESKEFADALKMVMKEIQANGSKNAGGDANAYSKDFQEGKSAVFFNGVWASGEMSKNPSLAPGIYPAGVAISSSGGGITISSKMSEAKQKLALEFLKYMTSDDVQKVIFEKVGANPSNENVNVKELSEKSSEATTKILGQAITQVKNAKAVVPTVSDVWGGDVHTAIINALTESAAENVDVDQKVKSTQDVLKSL,OC[C@H]1O[C@@H](O)[C@H](O)[C@@H](O)[C@H]1O
GDP,MNLHEYQAKEILARYGVPVPPGKVAYTPEEAKRIAEEFGKRVVIKAQVHVGGRGKAGGVKLADTPQEAYEKAQAILGMNIKGLTVKKVLVAEAVDIAKEYYAGLILDRAKKRVVLMLSKEGGVDIEEVAAERPEAIHKFWIDPHKGFRPFEAREMVKRAGLEGNLNKLAQVLVALYRAYEGVDASIAEINPLVVTTDGGIVAADAKIVLDDNALFRHPDLAELREVEAEHPLEVEASNYGFAYVKLDGNIGIIGNGAGLVMYTLDLVNRVGGKPANFLDIGGGAKADVVYNALKVVLKDPDVKGVFINIFGGITRADEVAKGVIRALEEGLLTKPVVMRVAGTAEEEAKKLLEGKPVYMYPTSIEAAKVTVAMKGGAA,c1nc2c(n1C3C(C(C(O3)COP(=O)(O)OP(=O)(O)O)O)O)N=C(NC2=O)N
GLA,HMASVDYNTRRFLSGVSELDRSKYFNIHSTSDDDKDVGKFLADYQVGLGRKFWGPYSYAYNKTHEVGKYPQMKPYSGNISVKRYIATEHPYVQHIQGGIDVQAAGAWSAEYYSNSELVPEFFEPLNEPFVHANDAGFTVQGQAMRELMVDFYASIGKHIHNNPRLNGKMKVIGYAAAYPAWEDGNFNYWNTRMKMFIDRAGAYMDGFSVHLYDGITKRSGSNSEAVLDMVEAYSYIKFGHVKPLAISEFGGIDNKPDDSYDDISSVRSVSSFNHFLFNLMERQDNLFISIPFVSDKAEWHITAANNYTSYSAALFIPDNPQNLKNTTWRLNDKKYFFELWKNVKGERVDITSSNPDIQVQAFKDGGRLYIALDNLDDNPQTVYLNNKNSWKDVSNVTKRSLYVNYNAGIEYTEQNVPSMPESISIVPNQTIVLVADVSSAFTNSIIRNKYYSSEYLKPISAGSSLSFPFTGIESGSGRASLRMSIGRPVSASKKPVVKINGTAVSVPDNWKGYGQSNRNIFFGMIEVPFDIQLLKNGDNNVDITFSDGGGHVSSMILQVEKYTVS,OC[C@H]1O[C@H](O)[C@H](O)[C@@H](O)[C@H]1O
GLC,REFMAVTANNSQLLTWWHNTGEINTQTPVADGNVRQSGLYSVKVQTTPASSSLYYDSFVYLAIPGNGMSDQLQYTQGYNQTQAWTSFLYSHDATVKISRNGSSANSNVVIRPTSLNFPVRYDNQSVYITVPYSPTGYRFSVEFDDDLISLAPSGARQPENALLIFASPFENSSTKPQPGSPNSIAPAPGRVLGLNTTSASTVVFNPGVYYFTGHDHMVLSSSVTWVYFAPGAYVKGAVEFLSTASEVKASGHGVLSGEQYVWYADPDEGYQKASGANNNGLRMWRGTLGNSSQTFVLNGVTVSAPPFNSMDWSGNSLDLITCRVDDYKQVGAFYGQTDGLEMYPGTILQDVFYHTDDDGLKMYYSNVTARNIVMWKESVAPVVEFGWTPRNTENVLFDNVDVIHQAYANAGNNPGIFGAVNNYLYAPDGLSSNHSTGNSNMTVRNITWSNFRAEGSSSALFRINPIQNLDNISIKNVSIESFEPLSINTTESWMPVWYDLNNGKQITVTDFSIEGFTVGNTTITASNAASVGRIDGVDPAYAGSVHYID,C(C1C(C(C(C(O1)O)O)O)O)O
GLN,SLKESIERLSSFQSKYNIFTSINPSPYSTLTGCVASIKDNIVTKDFPTTCASHILENFKSPFDATVVKLLKQAGVHILGKTNLDEFGMGSGGVHSIRGPVINPLYPHEDKKIMGGSSSGAAASVACDLVDFALGTDTGGSVRLPACYGSVLGFKPSYGRLSRFGVIAYSQSLDTVGILSKKINVLRKVFHTLDKYDMKDPTSLSVELRELIEGNKKVRRPLKVGIVKEFSHESMPIGFHRLYLSLLEKLINLGLEIYPVSIPSVKNCLPIYYTLSPAEAASNLSRYDGIRYGYRDSELDIKDGILFAPTRSKFGTEVKNRIILGNYNLCSDAFKNNFIKAEKLRVNLIDEFDGIFRFPNVLTNSKGNPDGLDLLIVPTSSKLPGSIRDFEEEEAKSPANSYINDVFTVPMSLAGLPSLSMPLKEKTPIGLQVVGQYGDDSTVLDFVESIS,C(CC(=O)N)C(C(=O)O)N
GLU,MRHPIPDYLASLVTELGAVNPGETAQYIPVLAEADPDRFGIALATPTGRLHCAGDADVEFTIQSASKPFTYAAALVDRGFAAVDRQVGLNPSGEAFNELSLEAESHRPDNAMINAGALAVHQLLVGPEASRKERLDRAVEIMSLLAGRRLSVDWETYESEMAVSDRNLSLAHMLRSYGVLQDSAEEIVAGYVAQCAVLVTVKDLAVMGACLATGGIHPMTGERMLPSIVARRVVSVMTSSGMYDAAGQWLADVGIPAKSGVAGGVLGALPGRVGIGVFSPRLDEVGNSARGVLACRRLSEDFRLHLMDGDSLGGTAVRFVEREGDRVFLHLQGVIRFGGAEAVLDALTDLRTGAEKPGTGWDAAVYPRWQEAAADRAALSAATGGGAVHEAAAAAARDENDGPIRTVVLNLARVDRIDDVGRRLIAEGVRRLQADGVRVEVEDPERILPL,O=C(O)C(N)CCC(=O)O
GLY,SMKPYKELERVFTKLYRYGHMLLLADWDSHTMMPCKGSDARGAAMAELQLHMHDTITAPKIRALIEEAEKSVGDLEKLQRANLREMRRAWELENLLPEEFVERKTVLTTKAHQVWKTCREKNDFAGFLPTLKELIALFREEGKLRAGNSGKHPYEALVDIYEPGMTLQRLDEIFGNVRSWLPELLKEVQEKQKALGETVLEPKGPFPVSKQEALCRFFMDVWKFDFDGGRLDVSAHPFCGNSKEDVRITTKYTETEFVTSLLGVIHETGHAKYEQNCGPKGFETQPVCMARSLGVHEGQSLFAEMQIGRSGAFMEFLAPRLVEYFGDQPAFTSSNMKRVIQRVSPGLIRIDADELCYPLHVMLRYEIERDLMDGNIEAEEVPRVWNEKMKSYLGLETLGNDKEGCLQDVHWSGGMFGYFPTYSLGAMVAAQLMSCVRRELGEEVVDDCIRKGDLGKILAKQNEKIWQHGSSLTTDELLRQATGETLNPEHYRRHLERRYRDDRG,C(C(=O)O)N
GNP,GAMGIQTIKCVVVGDGAVGKTCLLISYTTNKFPSEYVPTVFDNYAVTVMIGGEPYTLGLFDTAGLEDYDRLRPLSYPQTDVFLVCFSVVSPSSFENVKEKWVPEITHHCPKTPFLLVGTQIDLRDDPSTIEKLAKNKQKPITPETAEKLARDLKAVKYVECSALTQKGLKNVFDEAILAALEPPEPKKSRRCVL,O=P(O)(O)NP(=O)(O)OP(=O)(O)OCC3OC(n2cnc1c2N=C(N)NC1=O)C(O)C3O
GOL,SYVREFIGEFLGTFVLMFLGEGATANFHTTGLSGDWYKLCLGWGLAVFFGILVSAKLSGAHLNLAVSIGLSSINKFDLKKIPVYFFAQLLGAFVGTSTVYGLYHGFISNSKIPQFAWETSRNPSISLTGAFFNELILTGILLLVILVVVDENICGKFHILKLSSVVGLIILCIGITFGGNTGFALNPSRDLGSRFLSLIAYGKDTFTKDNFYFWVPLVAPCVGSVVFCQFYDKVICPLVDLA,C(C(CO)O)O
GSH,DLGTEFQSMGLELFLDLVSQPSRAVYIFAKKNGIPLELRTVDLVKGQHKSKEFLQINSLGKLPTLKDGDFILTESSAILIYLSCKYQTPDHWYPSDLQARARVHEYLGWHADCIRGTFGIPLWVQVLGPLIGVQVPKEKVERNRTAMDQALQWLEDKFLGDRPFLAGQQVTLADLMALEELMQPVALGYELFEGRPRLAAWRGRVEAFLGAELCQEAHSIILSILEQAAKKTLPTPSPEAYQAMLLRIARIP,O=C(NCC(=O)O)C(NC(=O)CCC(C(=O)O)N)CS
GSP,MKTVLIGVGQAGGKLASALQSFDRQTGFGAVLDAVAVNTAKADLQSLPVETVLIGQDRVNGHGVGGDNELGAAVMESDQTEVMSALDGRVTAEAESIFVVAGLGGGSGSGGAPVLAKALAGVYDVPVYVLGILPGADEGALYQVNAGRSLKTVAREADAVLLVDNDAFRSAGESMSEGYDAINEAIARRVGLLLAAGEAVVDTSEVINTLRSGGIAALGYASAEASPNAEDNINAVMSTTRRAVLTGTSLPDASDADAALVVIAGEPDTIPRKGVERARRWVEDETGSMQVRGGDFPLESGRLASLVLLGGVERSERVESFMERAREAIDKAET,c1nc2c(n1C3C(C(C(O3)COP(=O)(O)OP(=O)(O)OP(=S)(O)O)O)O)N=C(NC2=O)N
GTP,PMKVINDPIHGHIELHPLLVRIIDTPQFQRLRYIKQLGGGYYVFPGASHNRFEHSLGVGYLAGCLVHALGEKQPELQISERDVLCVQIAGLCHDLGHGPFSHMFDGRFIPLARPEVKWTHEQGSVMMFEHLINSNGIKPVMEQYGLIPEEDICFIKEQIVGPLLWPYKGRPENKSFLYEIVSNKRNGIDVDKWDYFARDCHHLGIQNNFDYKRFIKFARVCEVDNELRICARDKEVGNLYDMFHTRNSLHRRAYQHKVGNIIDTMITDAFLKADYRISTAIDDMEAYTKLTDNIFLEILYSTDPKLKDAREILKQIEYRNLFKYVGETIKREDYESLPKEEDFIVDVINMVSFYCEQLIRVYCKKVDRKSLYAARQYFVQWCADRNFTK,c1nc2c(n1[C@H]3[C@@H]([C@@H]([C@H](O3)CO[P@](=O)(O)O[P@](=O)(O)OP(=O)(O)O)O)O)N=C(NC2=O)N
HEB,SIPTFPFDRPVPTEPSPMLSELRNSCPVAPIELPSGHTAWLVTRFDDVKGVLSDKRFSCRAAAHPSSPPFVPFVQLCPSLLSIDGPQHTAARRLLAQGLNPGFIARMRPVVQQIVDNALDDLAAAEPPVDFQEIVSVPIGEQLMAKLLGVEPKTVHELAAHVDAAMSVCEIGDEEVSRRWSALCTMVIDILHRKLAEPGDDLLSTIAQANRQQSTMTDEQVVGMLLTVVIGGVDTPIAVITNGLASLLHHRDQYERLVEDPGRVARAVEEIVRFNPATEIEHLRVVTEDVVIAGTALSAGSPAFTSITSANRDSDQFLDPDEFDVERNPNEHIAFGYGPHACPASAYSRMCLTTFFTSLTQRFPQLQLARPFEDLERRGKGLHSVGIKELLVTWPT,CCC1=C(C)C2=NC1=Cc3n4[Fe][N]5C(=C2)C(=C(CCC(O)=O)C5=CC6=NC(=Cc4c(C=C)c3C)C(=C6CCC(O)=O)C)C
HEC,GGFVAPNVQFSEAHWQGMEALPLSIELKRKLKLPLDLEGLLIDETSLNAAVSGLLAGDVLVAINGRKVKTLKKMQKETRRVQMDRRASLTVYRKGRLLTLTLSEEKNLGLAQVETAPMILPGDIMPHPYRGPCTQCHAIGTTGHITPDPDGIVLPPGPIRAGAKMPHRDRGPCAACHAIIQ,O=C(O)CCC1=C(C2=CC6=C(C(=C/C)\C5=CC4=C(C(\C3=Cc7c(c(c8C=C1N2[Fe](N34)(N56)n78)CCC(=O)O)C)=C/C)C)C)C
HEM,GTTGERPFSDIITSVRYWVIHSITIPALFIAGWLFVSTGLAYDVFGTPRPDSYYAQEQRSIPLVTDRFEAKQQVETFLEQLK,Cc1c2n3c(c1CCC(=O)O)C=C4C(=C(C5=[N]4[Fe]36[N]7=C(C=C8N6C(=C5)C(=C8C)C=C)C(=C(C7=C2)C)C=C)C)CCC(=O)O
HIS,PIKTYHLSNLTQTELLSLKSRPRIDFSSVFDIVNPIVDDVHAHGDAAVKQYTSKFDKVDLENIVELVSDLPDPVLDPAIKEAFDVAYSNIYAFHAAQKSPEKSVENMKGVQCKRVARSINSVGLYVPGGTAVLPSTALMLAVPAQIAGCKTIVLANPPTRDGTTCKEVLYCAKKAGVTHLLKAGGAQAISAMAWGTETCPKVEKIFGPGNQYVTAAKMILQNSEAMVSIDMPAGPSEVLVIADKHAIPSHVAADLLSQAEHGPDSQVVLVIAGDGVDQNAIQEEVSKQCQSLPRGEFAAKALSHSFIVHARDMLEAITFSNMYAPEHLIINVKDAEKWESFIENAGSVFLGSWTPESVGDYASGTNHVLPTYGYARMYSGVSLDSFLKYITVQSLTEEGLRKLGPYVETMAEVEGLEAHKRAVTLRLQDIEARQV,c1c([nH+]c[nH]1)CC(C(=O)O)N
I3P,QAEVLHLCRSLEVGTVMTLFYSKKSQRPERKTFQVKLETRQITWSRGADKIEGSIDIREIKEIRPGKTSRDFDRYQEDPAFRPDQSHCFVILYGMEFRLKTLSLQATSEDEVNMWIKGLTWLMEDTLQAATPLQIERWLRKQFYSVDRNREDRISAKDLKNMLSQVNYRVPNMRDITYGQFAQLYRSLMYSAQKTMDLPFLELCQVSLSEFQQFLLEYQGELWAVDRLQVQEFMLSFLRDPLREIEEPYFFLDELVTFLFSKENSVWNSQLDAVCPETMNNPLSHYWISSSHNTYLTGDQFSSESSLEAYARCLRMGCRCIELDCWDGPDGMPVIYHGHTLTTKIKFSDVLHTIKEHAFVASEYPVILSIEDHCSIAQQRNMAQHFRKVLGDTLLTKPVDIAADGLPSPNQLKRKILIKHKKLAEGSAYEEVPTSVMYSENDISNSIKNGILYLEDPVNHEWYPHYFVLTSSKIYYSEETSLHSSEKWFHGKLGAGRDGRHIAERLLTEYCIETGAPDGSFLVRESETFVGDYTLSFWRNGKVQHCRIHSRQDAGTPKFFLTDNLVFDSLYDLITHYQQVPLRCNEFEMRLSEPVPQTNAHESKEWYHASLTRAQAEHMLMRVPRDGAFLVRKRNEPNSYAISFRAEGKIKHCRVQQEGQTVMLGNSEFDSLVDLISYYEKHPLYRKMKLRYPINEEALEKIGSGSTFKCAVKALFDYKAQREDELTFTKSAIIQNVEKQDGGWWRGDYGGKKQLWFPSNYVEEMINPAILEPEREHLDENSPLGDLLRGVLDVPACQIAIRPEGKNNRLFVFSISMPSVAQWSLDVAADSQEELQDWVKKIREVAQTADKKIALELSELVVYCRPVPFDEEKIGTERACYRDMSSFPETKAEKYVNKAKGKKFLQYNRLQLSRIYPKGQRLDSSNYDPLPMWICGSQLVALNFQTPDKPMQMNQALFMAGGHCGYVLQPSTMRDEAFDPFDKSSLRGLEPCVICIEVLGARHLPKNGRGIVCPFVEIEVAGAEYDSTKQKTEFVVDNGLNPVWPAKPFHFQISNPEFAFLRFVVYEEDMFSDQNFLAQATFPVKGLKTGYRAVPLKNNYSEDLELASLLIKIDIFPAK,O=P(OC1C(O)C(O)C(OP(=O)(O)O)C(O)C1OP(=O)(O)O)(O)O
IHP,NIHIPRYIRNQPWYYKYLVHHRQLDIDNNSEPKIGMGIKDEFKLIFCRNCGEAGHKEKDCMEKPRKMVLVRATDDDWDSRKDRWYGYSGKEYNELISKWERDKRNKIDEEIELMKLELYKDSLYRTSTRLREDKAAYLNDINSTESNYDPKSRLYKTETLGAVDEKSKMFRRHLTGEGLKLNELNQFARSHAKEMGIRDEIEDKEKVQHVLVANPTKYEYLKKKREQEE,O[P](O)(=O)O[CH]1[CH](O[P](O)(O)=O)[CH](O[P](O)(O)=O)[CH](O[P](O)(O)=O)[CH](O[P](O)(O)=O)[CH]1O[P](O)(O)=O
IHT,TNAIEEFAESAPELASRGLGVTTNAERWNGRHAMFGIFAIVMTAYFKGHGLIPDAEKILDVNQWGPLASAGQGQGITNERAIILIAHVHVLVVSVLAAFAPFQFQDTLVKEKGYTPEAPAGIIPPFKTGLTPEAELINGRLAMLGVISIIMASIFTGNSVIDVVNLGLGKILF,CC(=CC=CC=C(C)C=CC=C(C)C#CC1=C(C)C[CH](O)CC1(C)C)C=CC=C(C)C=CC2=C(C)CCCC2(C)C
II0,TNAIEEFAESAPELASRGLGVTTNAERWNGRHAMFGIFAIVMTAYFKGHGLIPDAEKILDVNQWGPLASAGQGQGITNERAIILIAHVHVLVVSVLAAFAPFQFQDTLVKEKGYTPEAPAGIIPPFKTGLTPEAELINGRLAMLGVISIIMASIFTGNSVIDVVNLGLGKILF,CC1=C(C(C[C@@H](C1)O)(C)C)C#C/C(=C/C=C/C(=C/C=C/C=C(/C=C/C=C(/C#CC2=C(C[C@H](CC2(C)C)O)C)\C)\C)/C)/C
IMP,AKYYNEPCHTFNEYLLIPGLSTVDCIPSNVNLSTPLVKFQKGQQSEINLKIPLVSAIMQSVSGEKMAIALAREGGISFIFGSQSIESQAAMVHAVKNFKRYLVGAGINTRDFRERVPALVEAGADVLCIDSSDGFSEWQKITIGWIRDKYGDKVKVGAGNIVDGEGFRYLADAGADFIKIGIGGGSICEQKGIGRGQATAVIDVVAERNKYFEETGIYIPVCSDGGIVYDYHMTLALAMGADFIMLGRYFARFEESPTRKVTINGSVMKEYWGEGSSRARNWEEGVDSYVPYAGKLKDNVEASLNKVKSTMCNCGALTIPQLQSKAKITLVSSVSIVE,c1nc2c(n1[C@H]3[C@@H]([C@@H]([C@H](O3)COP(=O)(O)O)O)O)N=CNC2=O
K,NNFITHNLHTVWIGGPLPDITKSYLKVWRDINPDYTHITWIDTDNKFVALYNNAVKELREYTLKQYLVGDSNATANDYYDQAVQIERGVRENVYLPHGNDIERIKTIKKIAGSLGDNKVQEYRTKIETIESSFVEMIDGGHYQHVSALFEQFSEMDNLRATALKQIYEREINDRGNLAAASDILRLVALQTQGGVYIDTDLLPHIDWDLIESTKLFLDNNSVERVYSKEIYLEIEKYKQLTGSKTNKIRSGLTKSQINEIQRLTEENNLFKHLNELEKNCFYSDNSVRGWTNAMLACNENNGFMNALMDRIILNYTILDEFIISNIVTDGEMLNFTEKMSAQFGLNAEHEGSFIPSLANYYKDSIVPNSPQATATLFMTGPTVLDTVIRVEEAVRRGIVKKEAIASLYTVEETFSSWSISQFYDKAAFYLDKVKFDISLNSAEEGILRDSCFDVIQQSKEQATHLPDIAIKFLESLNNFTWKQLELLIKASEFSDQYKTLATL,[K+]
KC1,GWGPSVHAEKWNGRHAMFGWFFICCTAYAKGHGLIPDMDVPLNLKEWGTLATITGKGTITNGRAVILLANAHFFAISLMATICPLPFGDSLLLLTEEAEMINGRLAMLGLISLIFATAIEQKPMLDIVNEWT,N16C=3C(=C(C1=CC=7C(=C(C(=Cc2n(c5c(c2C)C(C(C(=O)OC)C5=C4C(=C(C(C=3)=N4)C)\C=C\C(=O)O)=O)[Mg]6)N=7)CC)C)\C=C)C
KC2,LTPAQESIAGTGGPFPENFWDPAGITSKKSKEEILELRAIELKHGRVAMLAVLGWFHVAAGFHIIGDLATGTYLDNNPLVSVTQLPMGGMWQTVFFIMCLEWVSTYVCPPPKSKPWDILGWSDILLEDEDNYWNQFRKAEVQELNNGRLAMMAIVGLIVQDIFFGDFGEVKVCFSSQTCQDIGDYLPGWTGPLPPVAYDFPPLYPAPEVPYTGYQAPLKLM,Cc1c2cc3nc(c4c5c(c(c6n5[Mg]n2c(c1C=C)cc7nc(c6)C(=C7C)C=C)C)C(=O)C4C(=O)OC)C(=C3C)C=CC(=O)O
LBN,MLYKIEDVPPWYLCILLGFQHYLTCFSGTIAVPFLLAEALCVGHDQHMVSQLIGTIFTCVGITTLIQTTVGIRLPLFQASAFAFLVPAKAILALERWKCPPEEEIYGNWSLPLNTSHIWHPRIREVQGAIMVSSVVEVVIGLLGLPGALLNYIGPLTVTPTVSLIGLSVFQAAGDRAGSHWGISACSILLIILFSQYLRNLTFLIQIFKMFPIMLAIMTVWLLCYVLTLTDVLPTDPKAYGFQARTDARGDIMAIAPWIRIPYPCQWGLPTVTAAAVLGMFSATLAGIIESIGDYYACARLAGAPPPPVHAINRGIFTEGICCIIAGLLGTGNGSTSSSPNIGVLGITKVGSRRVVQYGAAIMLVLGTIGKFTALFASLPDPILGGMFCTLFGMITAVGLSNLQFVDMNSSRNLFVLGFSMFFGLTLPNYLESNPGAINTGILEVDQILIVLLTTEMFVGGCLAFILDNTVPGSPEERGLIQWSLKSYDFPIGMGIVKRITFLKYIPICPVFK,CCCCCCCCCCCCCCCC(=O)OCC(COP(=O)([O-])OCC[N+](C)(C)C)OC(=O)CCCCCCCC=CCCCCCCCC
LEU,MKSEPLSYLGKDGGPWEIFTEQVDRVVPYLGRLAPLAESLKRPKRVLIVDVPVRLDDGSVAYFEGYRVHHNTARGPAKGGVRYHPEVTLSEVMALAGWMTIKNAAVGLPYGGGKGGIRVDPRKLSPGELERLTRRYTSEIGILLGPDRDIPAPDVNTGEREMAWMMDTYSMNVGRTVPGVVTGKPIALGGSLGRRDATGRGVFITAAAAAEKIGLQVEGARVAIQGFGNVGNAAARAFHDHGARVVAVQDHTGTVYNEAGIDPYDLLRHVQEFGGVRGYPKAEPLPAADFWGLPVEFLVPAALEKQITEQNAWRIRARIVAEGANGPTTPAADDILLEKGVLVVPDVIANAGGVTVSYFEWVQDFNSYFWTEEEINARLERVLRNAFEAVWQVAQEKKIPLRTAAYVVAATRVLEARALRGLYP,CC(C)C[C@@H](C(=O)O)N
LMN,DIERPITTGVPFLLVAADARAAGLGDQGVATSSDVFSQQWNPAKYAFAEDAQGLSISYTPYLTDLANDISLGQVTYYNKINDRSAFAGSFRYFGFGGIELRQTGDPNEPTREVNPNEFALDGSYSLKLSETFSMAVAARYIRSNLKVATEEIDASAAGSFAVDVAGFYQSEEIAYSDFNGRWRAGFNIQNLGPKISYDHDDLSANFLPANLRVGGGFDFIFDDYNKLGVSLELTKLLVPTPPGPGTPSQSQADEANYKKYKDIGWVSGIFKSFGDAPGGFSEELKEITYSAAAEYMYQDAFAMRLGYYHESPMKGAKQFFSLGAGFKYSMIKVDVSYLFSASKVKNPLENTLRFSLTFNFGDKYETY,O(CC(CCCCCCCCCC)(CCCCCCCCCC)COC2OC(CO)C(OC1OC(CO)C(O)C(O)C1O)C(O)C2O)C4OC(C(OC3OC(CO)C(O)C(O)C3O)C(O)C4O)CO
LYS,LKRMIAQFAPTEIKYDHSLLDERKQKVVENLYRAAKIMDEIFLDQVYSKNFEIREQLRASSDPLDQLRLEYFTIMFGPFDRLNHDKPFIGNTPKPKGANFYPPDMTREEFENWLKAHPEDEAAFTSEFTVIRRQDGKLVAIPYSEYYKEYLTRAADYLKKAAEFADNPSLKKYLQLRAEAFLNNDYYESDLAWMDLNDHTIEVVIGPYEVYEDKLFNYKAAFEAFITLRDPVESAKLKKFVGYLDEMEKNLPIPDAYKNFNRGSESPMVVVQEVFSAGDTKAGVQTLAFNLPNDERVREAKGSKKVMLKNIHEAKFDKLLKPIAEKVLFAEQLPLVTFEGFFNHTLMHEISHGLGPGKIVLNGRQTEVKKELKETYSSIEECKADVLGMYNNLFMIEKGVYPPEFEKQIYVTFLAGIFRTIRFGINEAHGAGNAVIFNYLLEKGAYQFDPAAHRVKVNFEKIKDGVRDLANKVLTIQAQGDYMAAKNLLETYAVESEPIMIMRARLQELPVDIKPIFQIEKELG,N[CH](CCCC[NH3+])C(O)=O
MAN,QENQDGRYSLTYIYTGLSKHVEDVPAFQALGSLNDLQFFRYNSKDRKSQPMGLWRQVEGMEDWKQDSQLQKAREDIFMETLKDIVEYYNDSNGSHVLQGRFGCEIENNRSSGAFWKYYYDGKDYIEFNKEIPAWVPFDPAAQITKQKWEAEPVYVQRAKAYLEEECPATLRKYLKYSKNILDRQDPPSVVVTSHQAPGEKKKLKCLAYDFYPGKIDVHWTRAGEVQEPELRGDVLHNGNGTYQSWVVVAVPPQDTAPYSCHVQHSSLAQPLVVPWEA,C(C1C(C(C(C(O1)O)O)O)O)O
MET,SRGRKVYFVGLNEYPFLPLVAGLLRTYAEQDERIAAAYDFQEPVFLVAPVQEMADGIVEPDVLALSCYVWNFRRQMKVAKLVKERYPNVLVVAGGPHVPDRPGNFFEKHPYVDVLAHGEGEVAFRELLATRLSDHPDYTAVPGVSVRRGTEAVVGPKAKRLPRLIDTPSPYLLGVMDGAVATCRERGLRFYALWETNRGCPYSCSFCDWGSATMSTLRKFEDERLQDEIEWFARHDVEDLFICDANFGIMPRDLEIAHALAEARGELGAPRQVRVNFAKNSNDRVFDISKTWHDADLLMGTTLSMQSTDMDVLEAIDRKNIGLDNYRKLQQRYAAENIHTYTELILGLPMETARSFRDGIGSLLEAGNHEDLRVYELGILPNAPLNTPEKIEQYGLRTVPKRMYVERTPDDEAETFEMVMETNAMPRDAWVESFSFIQAVQFLHNGCYTRYLSIFLRQEHGIGYTRFYEGLQDYFTGRPDTVLGALYLRMRSLYHDYIDMPALPLANLVASQPDMAADLAPYGRRRGWTIDNWGWLRIATDFDRFHTELREYLATLGLDPAGDARLEDVLRFQQDVMLRPDYSPELGKSAEYAHDWPGYFAGGLLRPRRVRVAYGDQSFGANGRYRPVPGDLKAFTMAAIGTSYPVSRMGHFCHRFESAEVTSL,CSCC[CH](N)C(O)=O
MG,MQTSLFEFANVLITAVKEASYSISKFKEEVEIKYKSDGSEVTQVDTQSQQIIFSIIKNKYPTINIIGEEDVENGIPDNQLPTITQLSFGSLENKIININDIIIYVDPLDGTDCYTHKQYDSVCVLVGVTYKGKPMIGIVSKPFYNNEITFAIENYISSISLQPLNDKIIFVCSKKNDIQHLIKSFPDPYEVKYKGGSGAKMMAIIHQEADIYYHPLIQSCTWDTLAAQVILEAQGGIVCDIYGNPLCYPSSKKESMRHKKGVLCLSPRAKKYLPYMLSISKTILLLQHH,[Mg+2]
MGD,ANGEVMSGCHWGVFKARVENGRAVAFEPWDKDPAPSHQLPGVLDSIYSPTRIKYPMVRREFLEKGVNADRSTRGNGDFVRVTWDEALDLVARELKRVQESYGPTGTFGGSYGWKSPGRLHNCQVLMRRALNLAGGFVNSSGDYSTAAAQIIMPHVMGTLEVYEQQTAWPVVVENTDLMVFWAADPMKTNEIGWVIPDHGAYAGMKALKEKGTRVICINPVRTETADYFGADVVSPRPQTDVALMLGMAHTLYSEDLHDKDFLENCTTGFDLFAAYLTGESDGTPKTAEWAAEICGLPAEQIRELARSFVAGRTMLAAGWSIQRMHHGEQAHWMLVTLASMIGQIGLPGGGFGLSYHYSNGGSPTSDGPALGGISDGGEGGATSIPCARVVDMLLNPGGEFQFNGATATYPDVKLAYWAGGNPFAHHQDRNRMLKAWEKLETFIVQDFQWTATARHADIVLPATTSYERNDIESVGDYSNRAILAMKKVVDPLYEARSDYDIFAALAERLGKGAEFTEGRDEMGWISSFYEAAVKQAEFKNVAMPSFEDFWSEGIVEFPITEGANFVRYADFREDPLFNPLGTPSGLIEIYSKNIEKMGYDDCPAHPTWMEPAERLGGAGAKYPLHVVASHPKSRLHSQLNGTSLRDLYAVAGHEPCLINPADAAARGIADGDVLRVFNDRGQILVGAKVSDAVMPGAIQIYEGGWYDPLDPSEEGTLDKYGDVNVLSLDVGTSKLAQGNCGQTILADVEKYAGAPVTVTVFDTPKGA,NC1=NC2=C(N[CH]3[CH](N2)O[CH](CO[P](O)(=O)O[P](O)(=O)OC[CH]4O[CH]([CH](O)[CH]4O)n5cnc6C(=O)NC(=Nc56)N)C(=C3S)S)C(=O)N1
MN,LNNCVFSYLPSYGDDEVSVYHPICEAALNQALVNTGLDSTYEVVHHELVGSIEADFVIKNKQTKKYLLIVEVKRTKSQVSSTRYRLQAQSYVREANIKVEQHYYCLTNLEIIDFFKHDPNKPVVSQQIIEPSPIVVGNFSDTVSEFYNRLVEAFQNIIDISVNDAGTYKSSTANLVDILENRKDNSTSWHQALVVAGYEYIRGVLRGQNVEVPTRDAIYFKSRPGRLLEEGRKIDFNVLFSEPEPNTNDNDIWNVNLLSSLNDLGRRILTGDELAELIHDIATRGRGHEGVVPTDIELGKVLSIISQHILGRPLTEDEVISDPAAGSGNLLATVSAGFNNVMPRQIWANDIETLFLELLSIRLGLLFPQLVSSNNAPTITGEDVCSLNPEDFANVSVVVMNPPYVSGVTDPAIKRKFAHKIIQLTGNRPQTLFGQIGVEALFLELVTELVQDGTVISAIMPKQYLTAQGNESKAFREFLVGNFGLEHIFLYPREGLFEEVIKDTVVFVGRKGSSVEEIEVLDSFTPLEQVDLHNLKRALSNSSNEQIIQPMGMELRKEKREELENRVTVGWRHITSNGRVAEEWITNNLESHCIRLVASDYDLRRGRVGNKGASDLLFINSKKKLWDLLDESVPRDWLYPALRKVNEINTPIFNEDATPVRFLCPPNSAYQDGTGESIILDKILDVYVDFQVYKSKQKKFEKSKEELKEILYKESDFYSSEHTVFIPRALRRSARAFINEQKVFCSTNALEVFGGNSEEMWLLLSWLSSVFAQLQFEAMAKDQEGERKLEKKSIQNLYIPNLGDIDDVLKQDLIEEVREIHFFDLCRPRVRKLDLLWAKVFWSGNEMSKTKEAAELLEDLVFERYPEGSQ,[Mn+2]
MTA,MQTFVHEAGRLPAHIAAELGSYRYRVFVEQLGWQLPSEDEKMERDQYDRDDTVYVLGRDANGEICGCARLLPTTRPYLLQEVFPHLLADEAPRSAHVWELSRFAATAWSVRPMLAAAVECAARRGARQLIGVTFCSMERMFRRIGVHAHRAGAPVSIDGRMVVACWIDIDAQTLAALDLDPALC,CSCC1C(C(C(O1)n2cnc3c2ncnc3N)O)O
NAD,GMKKKNVIVFGGGTGLSVLLRGLKTFPVSITAIVTVADDGGSSGRLRKELDIPPPGDVRNVLVALSEVEPLLEQLFQHRFENGGLSGHSLGNLLLAGMTSITGDFARGISEMSKVLNVRGKVLPASNRSIILHGEMEDGTIVTGESSIPKAGKKIKRVFLTPKDTKPLREGLEAIRKADVIVIGPGSLYTSVLPNLLVPGICEAIKQSTARKVYICNVMTQNGETDGYTASDHLQAIMDHCGVGIVDDILVHGEPISDTVKAKYAKEKAEPVIVDEHKLKALGVGTISDYFVLEQVLRHNASKVSEAILE,NC(=O)c1ccc[n+](c1)[C@@H]2O[C@H](CO[P]([O-])(=O)O[P@](O)(=O)OC[C@H]3O[C@H]([C@H](O)[C@@H]3O)n4cnc5c(N)ncnc45)[C@@H](O)[C@H]2O
NAI,REMLYLNRSDIEQAGGNHSQVYVDALTEALTAHAHNDFVQPLKPYLRQHIADRIIAMPSHIGGEHAISGIKWIGSKHDNPSKRNMERASGVIILNDPETNYPIAVMEASLISSMRTAAVSVIAAKHLAKKGFKDLTIIGCGLIGDKQLQSMLEQFDHIERVFVYDQFSEACARFVDRWQQQRPEINFIATENAKEAVSNGEVVITCTVTDQPYIEYDWLQKGAFISNISIMDVHKEVFIKADKVVVDDWSQCNLHAELGQLVTGDIPGREDDDEIILLNPMGMAIEDISSAYFIYQQAQQQNIGTTLNLY,c1nc(c2c(n1)n(cn2)C3C(C(C(O3)COP(=O)(O)OP(=O)(O)OCC4C(C(C(O4)N5C=CCC(=C5)C(=O)N)O)O)O)O)N
NAP,PLLRCLVLTGFGGYDKVKLQSRPAAPPAPGPGQLTLRLRACGLNFADLMARQGLYDRLPPLPVTPGMEGAGVVIAVGEGVSDRKAGDRVMVLNRSGMWQEEVTVPSVQTFLIPEAMTFEEAAALLVNYITAYMVLFDFGNLQPGHSVLVHMAAGGVGMAAVQLCRTVENVTVFGTASASKHEALKENGVTHPIDYHTTDYVDEIKKISPKGVDIVMDPLGGSDTAKGYNLLKPMGKVVTYGMANLLTGPKRNLMALARTWWNQFSVTALQLLQANRAVCGFHLGYLDGEVELVSGVVARLLALYNQGHIKPHIDSVWPFEKVADAMKQMQEKKNVGKVLLVPGP,c1cc(c[n+](c1)C2C(C(C(O2)COP(=O)([O-])OP(=O)(O)OCC3C(C(C(O3)n4cnc5c4ncnc5N)OP(=O)(O)O)O)O)O)C(=O)N
NDP,PRRRHTHQRGYLLTRNPHLNKDLAFTLEERQQLNIHGLLPPSFNSQEIQVLRVVKNFEHLNSDFDRYLLLMDLQDRNEKLFYRVLTSDIEKFMPIVYTPTVGLACQQYSLVFRKPRGLFITIHDRGHIASVLNAWPEDVIKAIVVTDGERILGLGDLGCNGMGIPVGKLALYTACGGMNPQECLPVILDVGTENEELLKDPLYIGLRQRRVRGSEYDDFLDEFMEAVSSKYGMNCLIQFEDFANVNAFRLLNKYRNQYCTFNDDIQGTASVAVAGLLAALRITKNKLSDQTILFQGAGEAALGIAHLIVMALEKEGLPKEKAIKKIWLVDSKGLIVKGRASLTQEKEKFAHEHEEMKNLEAIVQEIKPTALIGVAAIGGAFSEQILKDMAAFNERPIIFALSNPTSKAECSAEQCYKITKGRAIFASGSPFDPVTLPNGQTLYPGQGNNSYVFPGVALGVVACGLRQITDNIFLTTAEVIAQQVSDKHLEEGRLYPPLNTIRDVSLKIAEKIVKDAYQEKTATVYPEPQNKEAFVRSQMYSTDYDQILPDCYSWPEEVQKIQTK,c1nc(c2c(n1)n(cn2)[C@H]3[C@@H]([C@@H]([C@H](O3)CO[P@](=O)(O)O[P@@](=O)(O)OC[C@@H]4[C@H]([C@H]([C@@H](O4)N5C=CCC(=C5)C(=O)N)O)O)O)OP(=O)(O)O)N
NI,MQRVTITLDDDLLETLDSLSQRRGYNNRSEAIRDILRSALAQEATQQHGTQGFAVLSYVYEHEKRDLASRIVSTQHHHHDLSVATLHVHINHDDCLEIAVLKGDMGDVQHFADDVIAQRGVRHGHLQCLPKE,[Ni++]
O,FASQAVAKPYFVFALILFVGQILFGLIMGLQYVVGDFLFPAIPFNVARMVHTNLLIVWLLFGFMGAAYYLVPEESDCELYSPKLAWILFWVFAAAGVLTILGYLLVPYAGLARLTGNELWPTMGREFLEQPTISKAGIVIVALGFLFNVGMTVLRGRKTAISMVLMTGLIGLALLFLFSFYNPENLTRDKFYWWWVVHLWVEGVWELIMGAILAFVLVKITGVDREVIEKWLYVIIAMALISGIIGTGHHYFWIGVPGYWLWLGSVFSALEPLPFFAMVLFAFNTINRRRRDYPNRAVALWAMGTTVMAFLGAGVWGFMHTLAPVNYYTHGTQLTAAHGHMAFYGAYAMIVMTIISYAMPRLRGIGEAMDNRSQVLEMWGFWLMTVAMVFITLFLSAAGVLQVWLQRMPADGAAMTFMATQDQLAIFYWLREGAGVVFLIGLVAYLLSF,O
OXL,SQLAHNLTLSIFDPVANYRAARIICTIGPSTQSVEALKGLIQSGMSVARMNFSHGSHEYHQTTINNVRQAAAELGVNIAIALDTKGPEIRTGQFVGGDAVMERGATCYVTTDPAFADKGTKDKFYIDYQNLSKVVRPGNYIYIDDGILILQVQSHEDEQTLECTVTNSHTISDRRGVNLPGCDVDLPAVSAKDRVDLQFGVEQGVDMIFASFIRSAEQVGDVRKALGPKGRDIMIICKIENHQGVQNIDSIIEESDGIMVARGDLGVEIPAEKVVVAQKILISKCNVAGKPVICATQMLESMTYNPRPTRAEVSDVANAVFNGADCVMLSGETAKGKYPNEVVQYMARICLEAQSALNEYVFFNSIKKLQHIPMSADEAVCSSAVNSVYETKAKAMVVLSNTGRSARLVAKYRPNCPIVCVTTRLQTCRQLNITQGVESVFFDADKLGHDEGKEHRVAAGVEFAKSKGYVQTGDYCVVIHADHKVKGYANQTRILLVE,[O-]C(=O)C([O-])=O
OXY,ATLPTTASSSTAVASSQLDQLANFAYNVTTDSVAGCTLQNLRVRRDWRAFSKTQKKDYINSVLCLQKLPSRTPAHLAPGARTRYDDFVATHINQTQIIHYTGTFLAWHRYFIYEFEQALRDECSYTGDYPYWNWGADADNMEKSQVFDGSETSMSGNGEYIPNQGDIKLLLGNYPAIDLPPGSGGGCVTSGPFKDYKLNLGPAALSLPGGNMTAAANPLTYNPRCMKRSLTTEILQRYNTFPKIVELILDSDDIWDFQMTMQGVPGSGSIGVHGGGHYSMGGDPGRDVYVSPGDTAFWLHHGMIDRVWWIWQNLDLRKRQNAISGTGTFMNNPASPNTTLDTVIDLGYANGGPIAMRDLMSTTAGPFCYVYL,O=O
P5S,MSFLLRFLTWWNSQTLNTQVWTKLYGEKVGEDDQGNVYYQSGGGKRRWVIYNGESEASRISPEWHGWLHHTYKEPPTAAPLAHKPWEKPHEPNLTGSSGAYHPAGSLYRAQPVERRDYDAWQPE,CCCCCCCCCCCCCCCCCC(=O)OC[CH](CO[P](O)(=O)OC[CH](N)C(O)=O)OC(=O)CCCCCCCCCCCCCCCCC
PEB,QADLPPPGIPSGQDPLDNAPLRHYVPRPVETYEDRGFATILPRTWEGETNTIGAGDIEPVTKEEVEESRKVPVDAASTGAFVEYARMMKEERAQALADQARRNSAPTSGRPTCGETEGTEFVSNARPILVDGVKVVEYWGVPNGPVPRLFGGPG,CCC1C(C(=O)NC1=CC2=NC(=Cc3c(c(c([nH]3)CC4C(=C(C(=O)N4)C=C)C)C)CCC(=O)O)C(=C2C)CCC(=O)O)C
PEP,MDDLLQRVRRCEALQQPEWGDPSRLRDVQAYLRGSPALIRAGDILALRATLARVARGEALVVQCGDCAEDMDDHHAENVARKAAVLELLAGALRLAGRRPVIRVGRIAGQYAKPRSKPHEQTLPVYRGDMVNGREAHAEQRRADPQRILKGYAAARNIMRHLGWDAASASPVWTSHEMLLLDYELSMLREDEQRRVYLGSTHWPWIGERTRQVDGAHVALLAEVLNPVACKVGPEIGRDQLLALCERLDPRREPGRLTLIARMGAQKVGERLPPLVEAVRAAGHPVIWLSDPMHGNTIVAPCGNKTRLVRSIAEEVAAFRLAVSGSGGVAAGLHLETTPDDVTECVADSSGLHQVSRHYTSLCDPRLNPWQALSAVMAWS,C=C(C(=O)O)OP(=O)(O)O
PGW,MPLLINLIVSLLGFVATVTLIPAFRGHFIAARLCGQDLNKTSRQQIPESQGVISGAVFLIILFCFIPFPFLNCAFPHHEFVALIGALLAICCMIFLGFADDVLNLRWRHKLLLPTAASLPLLMVYFTNFGNTTILDLGILYYVYMGLLAVFCTNAINILAGINGLEAGQSLVISASIIVFNLVELEGDCRDDHVFSLYFMIPFFFTTLGLLYHNWYPSRVFVGDTFCYFAGMTFAVVGILGHFSKTMLLFFMPQVFNFLYSLPQLLHIIPCPRHRIPRLNIKTGKLEMSYSKFKTKLSFLGTFILKVAESLVTVHQFTECNNMTLINLLLKVLGPIHERNLTLLLLLLQILGSAITFSIRYQ,CCCCCCCCCCCCCCCC(=O)OC[CH](CO[P](O)(=O)OC[CH](O)CO)OC(=O)CCCCCCCC=CCCCCCCCC
PHE,GLEQFILENSLIKNKPIKIVIGISMQSPHQISNEHKQSGDSFRAFVDLLRKTNEQCIRDENIRISELIVVITDGLHRHNLRLYKNVSTTEAESEAAGLGQKWVADNRQFLEAIGQCGISYKVIHWEELKSVAFNRYLQIVEEEYEKPNSEFRSIIDNLTQTHLEKLVNFLLETRDSSFTQEDCVSATRKYLLEEAASAFEFASLKADGMTYPGPCSPGFKYIYDTYLSESNPLPFIEYGMRGGKKLPSFWKEESP,N[CH](Cc1ccccc1)C(O)=O
PHO,MTVTLERRESTSLWERFCSWITSTENRLYIGWFGVLMIPCLLTATTVFIIAFIAAPPVDIDGIREPVSGSLLYGNNIITGAVVPTSNAIGLHLYPIWEAASLDEWLYNGGPYQLVVLHFLLGVAAYMGREWELSYRLGMRPWICVAFSAPVAAATAVFLIYPIGQGSFSDGMPLGISGTFNFMLVFQAEHNILMHPFHMAGVAGVFGGALFSAMHGSLVTSSLIRETTENESPNYGYKLGQEEETYNIVAAHGYFGRLIFQYASFNNSRALHFFLGLWPVVGIWLTSIGISTMAFNLNGLNFNQSIVDSQGRVINTWADIINRANLGIEVMHERNAHNFPLDLA,CCC1=C(c2cc3c(c(c([nH]3)cc4nc(c5c6c(c(c([nH]6)cc1n2)C)C(=O)C5C(=O)OC)C(C4C)CCC(=O)OCC=C(C)CCCC(C)CCCC(C)CCCC(C)C)C)C=C)C
PID,FEGELGVQAPVGYFDPLGLSKDGDVETFRRRRESELKNGRVAMFATIGYMVPEYFKFPGYLAPSASLKFADVPNGIQAITKVPAEGWLQWVALCGCYELCVNQPVDAADPGNYGKGKLGYGNMVLGITAESISDPEARKRGLNSELANGRLAMMAIMGLWVQDGLFGTPYGLY,CC(=O)O[CH]1CC(C)(C)[C](=[C]=[CH]C(C)=CC=CC=CC=C(C)C=C2OC(=O)C(=C2)C=C[C]34O[C]3(C)C[CH](O)CC4(C)C)[C](C)(O)C1
PIO,GSAVSKTVCKATTHEIMGPKKKHLDYLIQCTNEMNVNIPQLADSLFERTTNSSWVVVFKSLITTHHLMVYGNERFIQYLASRNTLFNLSNFLDKSGLQGYDMSTFIRRYSRYLNEKAVSYRQVAFDFTKVKRGADGVMRTMNTEKLLKTVPIIQNQMDALLDFNVNSNELTNGVINAAFMLLFKDAIRLFAAYNEGIINLLEKYFDMKKNQCKEGLDIYKKFLTRMTRISEFLKVAEQVGIDRGDIPDLSQAPSSLLDALEQH,CCCCCCCC(=O)OC[C@H](CO[P](O)(=O)O[C@@H]1[C@H](O)[C@H](O)[C@@H](O[P](O)(O)=O)[C@H](O[P](O)(O)=O)[C@H]1O)OC(=O)CCCCCCC
PLP,WSVRPSDKVKPNPNKTMISLSIGDPTVFGNLPTDPEVTQAMKDALDSGKYNGYAPSIGFLSSREEIASYYHCPEAPLEAKDVILTSGCSQAIDLCLAVLANPGQNILVPRPGFSLYKTLAESMGIEVKLYNLLPEKSWEIDLKQLEYLIDEKTACLIVNNPSNPCGSVFSKRHLQKILAVAARQCVPILADEIYGDMVFSDCKYEPLATLSTDVPILSCGGLAKRWLVPGWRLGWILIHDRRDIFGNEIRDGLVKLSQRILGPCTIVQGALKSILCRTPGEFYHNTLSFLKSNADLCYGALAAIPGLRPVRPSGAMYLMVGIEMEHFPEFENDVEFTERLVAEQSVHCLPATCFEYPNFIRVVITVPEVMMLEACSRIQEFCEQHYHC,Cc1ncc(CO[P](O)(O)=O)c(C=O)c1O
PLX,MTMYIAFILSTIFVIGFVGFSSKPSPIYGGLGLIVSGGVGCGIVLNFGGSFLGLMVFLIYLGGMLVVFGYTTAMATEMYPEVWVSNKTVFGAFVSGLMMEFCMVYYALKEEEVEIIFKFNGLGDWVIYDTGDSGFFSEEAMGIAALYSYGTWLVIVTGWSLLIGVVVIMEITRGN,CCCCCCCCCCCCCCCCC[C@@H](O)O[C@H](CO[C@H](O)CCCCCCCCCCCCCCC)CO[P@@](O)(=O)OCC[N+](C)(C)C
PMP,MSLSPRVQSLKPSKTMVITDLAATLVQSGVPVIRLAAGEPDFDTPKVVAEAGINAIREGFTRYTLNAGITELREAICRKLKEENGLSYAPDQILVSNGAKQSLLQAVLAVCSPGDEVIIPAPYWVSYTEQARLADATPVVIPTKISNNFLLDPKDLESKLTEKSRLLILCSPSNPTGSVYPKSLLEEIARIIAKHPRLLVLSDEIYEHIIYAPATHTSFASLPDMYERTLTVNGFSAAFAMTGWRLGYLAGPKHIVAACSKLQGQVSSGASSIAQKAGVAALGLGKAGGETVAEMVKAYRERRDFLVKSLGDIKGVKISEPQGAFYLFIDFSAYYGSEAEGFGLINDSSSLALYFLDKFQVAMVPGDAFGDDSCIRISYATSLDVLQAAVEKIRKALEPLRATV,O=P(O)(O)OCc1cnc(c(O)c1CN)C
PNS,MDGEEVKEKIRRYIMEDLIGPSAKEDELDDQTPLLEWGILNSMNIVKLMVYIRDEMGVSIPSTHITGKYFKDLNAISRTVEQLKAESALE,CC(C)(CO[P](O)(O)=O)[C@@H](O)C(=O)NCCC(=O)NCCS
PO4,MRLTALVSGHVQGVGYRLFVQRYARDLGLHGYAENLSDGKVEVIAEGDEDALNRLLHWLRRGPPHARVQAVDTQYSEETGLREFHIY,[O-][P]([O-])([O-])=O
POP,ENIHKHRILILDFGSQYTQLVARRVRELGVYCELWAWDVTEAQIRDFNPSGIILSGGPESTTEENSPRAPQYVFEAGVPVFGVCYGMQTMAMQLGGHVEASNEREFGYAQVEVVNDSALVRGIEDALTADGKPLLDVWMSHGDKVTAIPSDFITVASTESCPFAIMANEEKRFYGVQFHPEVTHTRQGMRMLERFVRDICQCEALWTPAKIIDDAVARIREQVGDDKVILGLSGGVDSSVTAMLLHRAIGKNLTCVFVDNGLLRLNEAEQVLDMFGDHFGLNIVHVPAEDRFLSALAGENDPEAKRKIIGRVFVEVFDEEALKLEDVKWLAQGTIYPDVIESAAKMGLVEPLKELFKDEVRKIGLELGLPYDMLYRHPFPGPGLGVRVLGEVKKEYCDLLRRADAIFIEELRKADLYDKVSQAFTVFLPVRSVGVMGDGRKYDWVVSLRAVETIDFMTAHWAHLPYDFLGRVSNRIINEVNGISRVVYDISGKPPATIEWE,O[P@@](=O)([O-])O[P@@](=O)(O)[O-]
PQN,NGRCATSRYLQVMGSIHDIESYFALDNTLSLNLQIFTAHWGHLAIILMWISGNLYHIASNANYSLWIKNPIPSMPIAHNIWDPHFTSSTSTPYSHTTTAAVLIAYSGIYNQLYTSGFSTVNQIYKATFAFSCLAVISILLAKIHIRTHSEVLHNSATHASQIPSFFQLLYFLDVGISSINIRLNFHTGVLVGFFSIAYTGHLLDVAIPASRAPLSHTSLSYLTFFGGLKSDTASLYLTDIAHHHLAIGVIFVYIGHLYSSCSTALGTYIRDMLYTSAIYMFQIKSLHLALSLALAGCAVLTSATAQHIYSLTPYFYLSYDYVTSVTLYVHHSYIASFLAIASHAHAAITLVRDWVAPLELESSCTIARIHTHKAAIISHLSWVSLWLGFHTLAIYSHNDTNMAFGSPSKQILIEPTNAQLIQESSGKALYSFAINSFGSFIYPIGPGDLYVHHAIALGLHVTVLILLKGALEARGSKLMPDKMEHSFGFSCDGPGRGGTCDISAWDCFYLAMFWMLNTNAWIDFYFHYKYLAPRQFSESSTYLESWFRDYLWFNSAPLIRAYSALGTNDLSVQAWFFLLTHLAWATGFMFLISWRGYWQELIDIILYMHLKTPILIDLWNGGVYTPLALSIVQARFIGLVHFTAGLILTYPPFIISTTS,CC1=C(C(=O)c2ccccc2C1=O)CC=C(C)CCCC(C)CCCC(C)CCCC(C)C
PQQ,TGPAAQAAAAVQRVDGDFIRANAARTPDWPTIGVDYAETRYSRLDQINAANVKDLGLAWSYNLESTRGVEATPVVVDGIMYVSASWSVVHAIDTRTGNRIWTYDPQIDRSTGFKGCCDVVNRGVALWKGKVYVGAWDGRLIALDAATGKEVWHQNTFEGQKGSLTITGAPRVFKGKVIIGNGGAEYGVRGYITAYDAETGERKWRWFSVPGDPSKPFEDESMKRAARTWDPSGKWWEAGGGGTMWDSMTFDAELNTMYVGTGNGSPWSHKVRSPKGGDNLYLASIVALDPDTGKYKWHYQETPGDNWDYTSTQPMILADIKIAGKPRKVILHAPKNGFFFVLDRTNGKFISAKNFVPVNWASGYDKHGKPIGIAAARDGSKPQDAVPGPYGAHNWHPMSFNPQTGLVYLPAQNVPVNLMDDKKWEFNQAGPGKPQSGTGWNTAKFFNAEPPKSKPFGRLLAWDPVAQKAAWSVEHVSPWNGGTLTTAGNVVFQGTADGRLVAYHAATGEKLWEAPTGTGVVAAPSTYMVDGRQYVSVAVGWGGVYGLAARATERQGPGTVYTFVVGGKARMPETGQLLQGVKYDPAKVEAGTMLYVANCVFCHGVPGVDRGGNIPNLGYMDASYIENLPNFVFKGPAMVRGMPDFTGKLSGDDVESLKAFIQGTADAIRP,c1c2c([nH]c1C(=O)O)-c3c(cc(nc3C(=O)C2=O)C(=O)O)C(=O)O
PRO,SKFADELIANAAYIGTPGKGILAADESTGTIGKRLASINVENVESNRRALRELLFTTPGALPCLSGVILFEETLYQKSSDGTPFVDMLKSAGVLPGIKVDKGTVELAGTNGETTTQGLDGLGDRCKKYYEAGARFAKWRAVLKIGVNEPSQLAIHENAYGLARYAVICQENGLVPIVEPEILVDGSHDIQKCAAVTERVLAACYKALSDHHVLLEGTLLKPNMVTPGSESAKVAPEVIAEHTVRALQRTVPAAVPAIVFLSGGQSEEEATRNLNAMNQLKTKKPWSLSFSFGRALQQSTLKTWGGKEENVKKAQEAFLVRCKANSEATLGAYKG,C1C[C@H](NC1)C(=O)O
PYR,RLEILDVTLRDGEQTRGVSFSTSEKLNIAKFLLQKLNVDRVEIASARVSKGELETVQKIMEWAATEQLTERIEILGFVDGNKTVDWIKDSGAKVLNLLTKGSLHHLEKQLGKTPKEFFTDVSFVIEYAIKSGLKINVYLEDWSNGFRNSPDYVKSLVEHLSKEHIERIFLPDTLGVLSPEETFQGVDSLIQKYPDIHFEFHGHNDYDLSVANSLQAIRAGVKGLHASINGLGERAGNTPLEALVTTIHDKSNSKTNINEIAITEASRLVEVFSGKRISANRPIVGEDVFTQTAGVNLYANPILPERFGRKR,CC(=O)C(O)=O
RBF,YTVSSSPHIRAKDTTQSIMRDVVIALLPATIAGVYFFKLQGLLVILASVLSCVVAEYIWQKASKKKVTVGDYSAVVTGLLLAFNVPASIPLWIPVVGGFFAIIVVKQFFGGLGQNIVNPALAARAFLLASWPVQMTSWTLDGVTTATPLAILKGNEATGAAAPDLMSVFIGHVGGCIGETSALALLIGGAYLFYKHIIDWRIPVSFIGTTFIFTAIAGRGSSPVYELFAGGLMLGAIFMATDYATSPITPLGRIIFGVGCGVITSLIRIFGGYPEGVSYSILVMNLFVPLIERWTAPKIFGKVK,Cc1cc2N=C3C(=O)NC(=O)N=C3N(C[CH](O)[CH](O)[CH](O)CO)c2cc1C
RET,ELGNANFENFIGATEGFSEIAYQFTSHILTLGYAVMLAGLLYFILTIKNVDKKFQMSNILSAVVMVSAFLLLYAQAQNWTSSFTFNEEVGRYFLDPSGDLFNNGYRYLNWLIDVPMLLFQILFVVSLTTSKFSSVRNQFWFSGAMMIITGYIGQFYEVSNLTAFLVWGAISSAFFFHILWVMKKVINEGKEGISPAGQKILSNIWILFLISWTLYPGAYLMPYLTGVDGFLYSEDGVMARQLVYTIADVSSKVIYGVLLGNLAITLSKNKELVEA,CC(=C\C=O)/C=C/C=C(C)/C=C/C1=C(C)CCCC1(C)C
SAH,GSHMTVHFIGAGPGAADLITIRGRDLIASCPVCLYAGSLVPEALLAHCPPGAKIVNTAPMSLDAIIDTIAEAHAAGQDVARLHSGDLSIWSAMGEQLRRLRALNIPYDVTPGVPSFAAAAATLGAELTLPGVAQSVILTRTSGRASAMPAGETLENFARTGAVLAIHLSVHVLDEVVQKLVPHYGEDCPVAIVWRASWPDQRVVRATLATLQTSLGAELERTALILVGRSLATEDF,N[CH](CCSC[CH]1O[CH]([CH](O)[CH]1O)n2cnc3c(N)ncnc23)C(O)=O
SAM,SHMTQEIITLVQRTYEIVNKVNRNPKEEISQIIQKLQKGERLSLIEAGIAFANDTEELDQILFWQARKVKEEIYGKRIVLFAPLYLSNICINNCSYCSFRRENKELSRVRLSLEEAVDEAKAIREMGHTRILLVMGEEPEDKTLSYLEEIIPAIYSEVDIRRINVNIAPLTLKGYERLKKLKIGTYQLFQESYNPEVYREVHLDGPKTNFLWRLNAVERAIEAGIDDIGIGALFGLGDPLFELLGVIAHADYLKKKFGIGPHTVSVPRLKPALNSVFSNDYKISDHKFKKIVALLRIMLPYTGIILSTREPQHLRDELVELGVSQMSAASRTGPGEYRGERQQFLLDHRSLAEIVEVLIDKGFLPSFCTACYRKRFCTPDALFSFVEYLYEIRDKHPELYKKGNGYLLQVVKDLPNFENIGRAIEYILK,C[S@@+](CC[C@H](N)C([O-])=O)C[C@H]1O[C@H]([C@H](O)[C@@H]1O)n2cnc3c(N)ncnc23
SER,EVNVVMTGDMTTRLAFAGEQLKQALVEKGYEVNQTTGKRSIYLNLLNDTTKKNKERFDISTKGKNTYVTGYDGNGIIYGCRELIDQLDQSGTMDFKPVSDAPEMVLRGACIGLQKTTYLPGHAVYEYPYTPESFPWFYDKERWIKYLDMMVENRMNSLYLWNGHPFASLVKLKDYPFALEVDEETFKKNEEMFSFLTTEAEKRGIFVIQMFYNIIVSKPFADHYGIKTQDRNRPITPLISDYTRKSVAAFIEKYPNVGLLVCLGEAIGTYEEDVEWFTKTIIPGIKDGLKVLGRTDEPPVLVRAHDTDCKMVIDAALPLYKNLYTMHKYNGESLTTYEPRGPWAKIHKDLSSLGSVHISNVHILANLEPWRWSSPDFIQKSVKAMHSVHGANALHIYPQANYWDWPYTADKLANGEREEQVYRDWAWYKAWGRYAWKADRNRLEEIKYWDKQFGDFYGIPAEMADNIRIAYEESGEIAPKLLRRFGITEGNRQTLLLGMFMSQFVNPYKYTIHYGFYESCGPGGEKLIEYVEKEWKKQPHVGELPLDIINQVIEHGDKAVAAIDKVVSSAKKNSDELRRLQNDMHCYREYAYAFYYKVKAAQHVLNYHWGKNMDELDKAVPLMEESLKHYTKLVDLTKDTYLFANSMQTAQRRIPIGGDDGNNKTWSEMLVHYKAELYNFKENIEMLKDKKVRKCVEVTPLKEADVKILNNLTKVKIEKGAKIFSNIDGGIDAIAKEITGLTGFVFNGEKQRDDATTIEFECSSPVTMLVAYFKDDHRKFAKAPRLESDASANDYGQAEPVLTNALHVKGVALADIYPYKFKAGRHTLILPKGYCGVLGFTEDKIKERDVALDAPDWLFY,N[CH](CO)C(O)=O
SF4,SSSEEEKKLYARLYESKLSFYDLPPQGEITLEQFEIWAIDRLKILLEIESCLSRNKSIKEIETIIKPQFQKLLPFNTESLEDRKKDYYSHFILRLCFCRSKELREKFVRAETFLFKIRFNMLTSTDQTKFVQSLQFISNEEKAELSHQLYQTVSASLQFQLNLNEEHQRKQYFQQEKFIKLPFENVIELVGNRLVFLKDGYAYLQQLNLLSNEFASKLNQELIKTYQYLPRLNEDDRLLPILNHLSSGYTDEINAQSVWSEEISSNYPLCIKNLMEGLKKNHHLRYYGRQQLSLFLKGIGLSADEALKFWSEAFTRNGNMTMEKFNKEYRYSFRHNYGLEGNRINYKPWDCHTILSKPRPGRGDYHGCPFRDWSHERLSAELRSMKLTQAQIISVLDSCQKGEYTIACTKVFEMTHNHIAHPNLYFERSRQLQKKQQKLEKEKLFNNGNH,[S]12[Fe]3[S]4[Fe]1[S]5[Fe]2[S]3[Fe]45
SFG,SFTNKYVVLDSLEGLRSLPDNSVQCVVTSPPYNKLGLREGRPYLGQIIYDTYDDNMNEDDYQKWQLQILNEINRILKPGGSAFYNHKDRRFCKRDHPPEKFLSDSDLELYQTIIWDRGSTVNQNARYFRPYVEKIFWFTKSITPKFHRDRLPEYFKGVIWRIPPDKRNKHPAPFPAILAEICILTTTEEGDLVLDPFAGSGTTLVAAASLKRSYLGFDISSKYQKMFHQRLATSKSKVHLW,c1nc(c2c(n1)n(cn2)[C@H]3[C@@H]([C@@H]([C@H](O3)C[C@H](CC[C@@H](C(=O)O)N)N)O)O)N
SIA,DYSLTMQSSVTVQEGMCVHVRCSFSYPVDSDPVHGYWFRAGNDISWKAPVATNNPAWAVQEETRDRFHLLGDPQTKNCTLSIRDARMSDAGRYFFRMEKGNIKWNYKYDQLSVNVT,CC(=O)N[CH]1[CH](O)C[C](O)(O[CH]1[CH](O)[CH](O)CO)C(O)=O
SO3,AKHATPKLDQLESGPWPSFVSDIKQEAAYRAANPKGLDYQVPVDCPEDLLGVLELSYDEGETHWKHGGIVGVFGYGGGVIGRYCDQPEKFPGVAHFHTVRVAQPSGKYYSADYLRQLCDIWDLRGSGLTNMHGSTGDIVLLGTQTPQLEEIFFELTHNLNTDLGGSGSNLRTPESCLGKSRCEFACYDSQAACYELTMEYQDELHRPAFPYKFKFKFDACPNGCVASIARSDFSVIGTWKDDIKIDAEAVKAYVAGEFKPNAGAHSGRDWGKFDIEAEVVNRCPSKCMKWDGSKLSIDNKECVRCMHCINTMPRALHIGDERGASILCGAKAPILDGAQMGSLLVPFVAAEEPFDEIKEVVEKIWDWWMEEGKNRERLGETMKRLSFQKLLEVTEIAPVPQHVKEPRTNPYIFFKEEEVPGGWDRDITEYRKRHLR,[O-][S]([O-])=O
SO4,AMKKILSFDIDNTLNEPKMPIFPEMAELLATLSQKYIIAPISGQKYDQFLIQIINNLPESANLDNFHLFVAQGTQYYAHKAGEWKQVFNYALTDEQANAIMGALEKAAKELGHWDESVLLPGDEINENRESMIAYSAIGQKAGVEAKQAWDPDMTKRNEIAKLASQYAPEFEFEVAGTTTINGFVPGQNKEFGMNHLMEELNVTKEEILYFGDMTQPGGNDYPVVQMGIETITVRDWKETAAILKAIIAMEEA,[O-]S(=O)(=O)[O-]
STU,KDVWEIPRESLQLIKRLGNGQFGEVWMGTWNGNTKVAIKTLKPGTMSPESFLEEAQIMKKLKHDKLVQLYAVVSEEPIYIVTEYMNKGSLLDFLKDGEGRALKLPNLVDMAAQVAAGMAYIERMNYIHRDLRSANILVGNGLICKIADFGLARLIEDNEYTARQGAKFPIKWTAPEAALYGRFTIKSDVWSFGILLTELVTKGRVPYPGMNNREVLEQVERGYRMPCPQDCPISLHELMIHCWKKDPEERPTFEYLQSFLEDY,CC12C(C(CC(O1)n3c4ccccc4c5c3c6n2c7ccccc7c6c8c5C(=O)NC8)NC)OC
TPP,DIGKYFKQINTFINIDEYKTIYGDEIYKEIYELYVERNIPEYYERKYFSEDIKKSVLFDIDKYNDVEFEKAIKEEFINNGVYINNIDNTYYKKENILIMKKILHYFPLLKLINNPSDLKKLKKQYLPLLAHELKIFLFFIVNITGGHFSSVLSSLEIQLLLLYIFNQPYDNVIYDIGHQAYVHKILTGRKLLFLSLRNKKGISGFLNIFESIYDKFGAGHSSTSLSAIQGYYEAEWQVKNKEVDKVHIAIIGDGGLTGGMALEALNYISFLNSKILIIYNDNGQVSLPTNAVSISGNRPIGSISDHLHYFVNNIFENLNYDYIGVVNGNNTEELFKVLNNIKENKLKRATVLHVRTKKSNKYEDMFSKETFTDIYTNEMLKYLKKDRNIIFLSPAMLGGSGLVKISERYPNNVYDVGIAEQHSVTFAAAMAMNKKLKIQLCIYSTFLQRAYDQIIHDLNLQNIPLKVIIGRSGLVGEDGATHQGIYDLSYLGTLNNAYIISPSNQVDLKRALRFAYLDKDHSVYIRIPRMNILSDKYMKGYLNIMDDDNFIKSFIGKSRIIKMTKKKKVCIFNMGSMLFNVINAIKEIEKEQYISHNYSFSIVDMIFLNPLDKNMIDHVIKQNKHQYLITYEDNTIGGFSTHFNNYLIENNYITKHNLYVHNIYLSNEPIEHASFKDQQEVVKMDKCSLVNRIKNYLKNNP,Cc1ncc(C[n+]2csc(CCO[P@@](O)(=O)O[P](O)(O)=O)c2C)c(N)n1
TRP,GLVSACGIIVGNIIGSGIFVSPKGVLENAGSVGLALIVWIVTGFITVVGALCYAELGVTIPKSGGDYSYVKDIFGGLAGFLRLWIAVLVIYPTNQAVIALTFSNYVLQPLFPTCFPPESGLRLLAAICLLLLTWVNCSSVRWATRVQDIFTAGKLLALALIIIMGIVQICKGEYFWLEPKNAFENFQEPDIGLVALAFLQGSFAYGGWNFLNYVTEELVDPYKNLPRAIFISIPLVTFVYVFANVAYVTAMSPQELLASNAVAVTFGEKLLGVMAWIMPISVALSTFGGVNGSLFTSSRLFFAGAREGHLPSVLAMIHVKRCTPIPALLFTCISTLLMLVTSDMYTLINYVGFINYLFYGVTVAGQIVLRWKKPDIPRPIKINLLFPIIYLLFWAFLLVFSLWSEPVVCGIGLAIMLTGVPVYFLGVYWQHKPKCFSDFIELLTLVSQKMCVVVYPEV,c1ccc2c(c1)c(c[nH]2)C[C@@H](C(=O)O)N
TTP,KSFLWTQSLRRELSGYCSNIKLQVVKDAQALLHGLDFSEVSNVQRLMRKERRDDNDLKRLRDLNQAVNNLVELKSTQQKSILRVGTLTSDDLLILAADLEKLKSKVIRTERPLSAGVYMGNLSSQQLDQRRALLNMIGMAGRDGVVRVWDVKNAELLNNQFGTMPSLTLACLTKQGQVDLNDAVQALTDLGLIYTAKYPNTSDLDRLTQSHPILNMIDTKKSSLNISGYNFSLGAAVKAGACMLDGGNMLETIKVSPQTMDGILKSILKVKKALGMFISDTPGERNPYENILYKICLSGDGWPYIASRTSITGRAWENTVVDLGLTYSQLMTLKDAMLQLDPNAKTWMDIEGRPEDPVEIALYQPSSGCYIHFFREPTDLKQFKQDAKYSHGIDVTDLFATQPGLTSAVIDALPRNMVITCQGSDDIRKLLESQGRKDIKLIDIALSKTDSRKYENAVWDQYKDLCHMHTGVVVEKKKEEITPHCALMDCIMFDAAVSGGLNTSVLRAVLPRDMVFR,CC1=CN(C(=O)NC1=O)[C@H]2C[C@@H]([C@H](O2)CO[P@](=O)(O)O[P@@](=O)(O)OP(=O)(O)O)O
TYD,MKILFVAAGSPATVFALAPLATAARNAGHDVFMGAVEDMVPYIASAGIPAVATTDLPIRHFITMDREGNPVRMPETPEEELDFAGHWFGRMAAGSMDALREVTANWRPDLVVGGSMSFAAALIAAELGVPYVRQAWDTGDAWRTDPAASDELRPELRALGLDRLPDPALFVDICPPSLRPADAPPAQMMRWVPANGQRRLEPWMYTKGNRPRILVTSGALDAEVVIATLDEVAEELRTELPGVRAGWVPLDVVVPTCDVVVHHAGGVTALTAMNAGVPQLIVPQGGNFVEAGLRISDFGAAITVDENTPEAVEKACGELIGNPSYAERARELSAEIAALPLPAEVVGALEGLVE,CC1=CN(C(=O)NC1=O)[C@H]2C[C@@H]([C@H](O2)CO[P@](=O)(O)OP(=O)(O)O)O
TYR,VKKIGITQLVEHPALDATRTGFVKALEKNGFKDGENIDIDFQNAQNDMPTTQSIASKFASDKKDLIFAISTPSAQAAFNATKDIPILITAVSDPVAAGLVKTLEKPGTNVSGTSDFVSVDKGLELLKIFAPKAKTIGVMYNTSEVNSKVQVDALKEYASKNGFKVVEKGITTSNEVNQGISSLVGKIDVLYVPTDNLVASSMPIVSKIATENKIPVIAAESGPVEKGALACQGINYEKLGYKTGEMAVKILNGESVSDMPVATSDDTDIIVNEDILKALGMEKPSNENISYVKTK,O=C(O)C(N)Cc1ccc(O)cc1
U10,RHSRLILAILAGLGSLLTAYLTYTKLTEQPAAFATGDGGCDLVLSSRWAEFLGIPTAAVGLLGFLGVLALAVLPDPLVKRWRWPALFGLVSAMTAFEMYMLYLMVAVLRQFCMYCTTAIILVAGLGLVTVLGHRWLDGGKLAFSYILVAFLTLVTTIGVYANQVPPPSPLAVGLAAHLRQIGGTMYGAYWCPHCQDQKELFGAAFDQVPYVECSPNGPGTPQAQECTEAGITSYPTWIINGRTYTGVRSLEALAVASGYPLEEG,CC1=C(C(=O)C(=C(C1=O)OC)OC)CC=C(C)CCC=C(C)CCC=C(C)CCC=C(C)CCC=C(C)CCC=C(C)CCC=C(C)CCC=C(C)CCC=C(C)CCC=C(C)C
U5P,SLTACPEESPLLVGPMLIEFNIPVDLKLIEQQNPKVKLGGRYTPMDCISPHKVAIIIPFRNRQEHLKYWLYYLHPILQRQQLDYGIYVINQAGESMFNRAKLLNVGFKEALKDYDYNCFVFSDVDLIPMNDHNTYRCFSQPRHISVAMDKFGFSLPYVQYFGGVSALSKQQFLSINGFPNNYWGWGGEDDDIYNRLAFRGMSVSRPNAVIGKCRMIRHSRDKKNEPNPQRFDRIAHTKETMLSDGLNSLTYMVLEVQRYPLYTKITVDIGTPS,O=C1NC(=O)N(C=C1)C2OC(C(O)C2O)COP(=O)(O)O
UD1,AERILVTGGAGFIGSHLVDALLAKGYAVRVLDDLSTGKVGNLPMGDAGLELLVGDAADAALLADAVQGCDAVVHLAAVASVQASVEDPVATHQSNFIATLRLCEAMTAAGIRRVVFASAAAVYGNNGEGTPIAEDTPKSPLTPFAADKLASEYYLDFYRRQHGLEPVILRFFNIFGPRQDPSSPYSGVISIFSERAKAGRPITLFGDGGQTRDFVYVADLVKILVQGLESPAPAADATNVGLGGVTTLNDLIGALQQISGKPLQVSHGATRSGDIRHSKADNRRLRERFDLGTPSSLAEGLERLYRSL,CC(=O)NC1C(C(C(OC1OP(=O)(O)OP(=O)(O)OCC2C(C(C(O2)N3C=CC(=O)NC3=O)O)O)CO)O)O
UDP,MKVLTVFGTRPEAIKMAPLVHALAKDPFFEAKVCVTAQHREMLDQVLKLFSIVPDYDLNIMQPGQGLTEITCRILEGLKPILAEFKPDVVLVHGDTTTTLATSLAAFYQRIPVGHVEAGLRTGDLYSPWPEEANRTLTGHLAMYHFSPTETSRQNLLRENVADSRIFITGNTVIDALLWVRDQVMSSDKLRSELAANYPFIDPDKKMILVTGHRRESFGRGFEEICHALADIATTHQDIQIVYPVHLNPNVREPVNRILGHVKNVILIDPQEYLPFVWLMNHAWLILTDSGGIQEEAPSLGKPVLVMRDTTERPEAVTAGTVRLVGTDKQRIVEEVTRLLKDENEYQAMSRAHNPYGDGQACSRILEALKNNRISL,C1=CN(C(=O)NC1=O)[C@H]2[C@@H]([C@@H]([C@H](O2)CO[P@@](=O)(O)OP(=O)(O)O)O)O
UIX,FEGELGVQAPVGYFDPLGLSKDGDVETFRRRRESELKNGRVAMFATIGYMVPEYFKFPGYLAPSASLKFADVPNGIQAITKVPAEGWLQWVALCGCYELCVNQPVDAADPGNYGKGKLGYGNMVLGITAESISDPEARKRGLNSELANGRLAMMAIMGLWVQDGLFGTPYGLY,CC(=CC=CC=C(C)C=CC=C(C)C=C=C1C(CC(CC1(C)O)OC(=O)C)(C)C)C=CC=C(C)C=CC23C(CC(CC2(O3)C)O)(C)C
UMP,NSPVRFVKETNRAKSPTRQSPGAAGYDLYSAYDYTIPPGERQLIKTDISMSMPKFCYGRIAPRSGLSLKGIDIGGGVIDEDYRGNIGVILINNGKCTFNVNTGDRIAQLIYQRIYYPELEEVQSL,O=P(O)(O)OCC2OC(N1C(=O)NC(=O)C=C1)CC2O
UPG,VFQSHIGVLAFPFGTHAAPLLTVVQRLATSSPHTLFSFFNSAVSNSTLFGVLDSYDNIRVYHVWDGTPQFTGSHFEAVGLFLKASPGNFDKVIDEAEVETGLKISCLITDAFLWFGYDLAEKRGVPWLAFWTSAQCALSAHMYTHEILKAVGSNTAEEELIQSLIPGLEMAHLSDLPPEIFFDKNPNPLAITINKMVLKLPKSTAVILNSFEEIDPIITTDLKSKFHHFLNIGPSILSSPTPPPPDDKTGCLAWLDSQTRPKSVVYISFGTVITPPENELAALSEALETCNYPFLWSLNDRAKKSLPTGFLDRTKELGMIVPWAPQPRVLAHRSVGVFVTHCGWNSILESICSGVPLICRPFFGSDHKLNSRMVEDSWKIGVRLEGGVLSKTATVEALGRVMMSEEGEIIRENVNEMNEKAKIAVEPKGSSFKNFNKLLEIINAPQ,OC[C@H]1O[C@H](O[P](O)(=O)O[P](O)(=O)OC[C@H]2O[C@H]([C@H](O)[C@@H]2O)N3C=CC(=O)NC3=O)[C@H](O)[C@@H](O)[C@@H]1O
UQ8,QLDFSHFDKAFENKYDIVAPEFGDLHQKRAEFIAKNQGTYRPVPLVPNNIKGLIPKTCRLPATRNWYRRTSSFERNGFFNIHTPVLNTKMIPWLLFIVLTWGWSSFQIGGYNYERFDDNGERRNTLYWKLSPVEFPQSKLWNRPS,CC1=C(C(=O)C(=C(C1=O)OC)OC)CC=C(C)CCC=C(C)CCC=C(C)CCC=C(C)CCC=C(C)CCC=C(C)CCC=C(C)CCC=C(C)C
UTP,SGKLRLYKEKLEGYNRFYSIVKTIKMVTLAKYRAAQGRIRTRDFSLRYTELAFSKPQASRDAVVAAKNALVYIPITTNRGSCGALNSNIVRCIDSVVSSKMVLMPVGKRGIDSFSKLYPDEFRYGIINDMKESMHFGYATFVIENAYEVSKDADRYQVIFNRFVSAGVQRNAVYNIPSYEKWKEDLADAASSDNQKNRYLFANALQNEEEQLIRDFFDFHAALAVLNAVGENELSEQAARLVAVEGQLTNISSLQQRTSSLYNKTRQFGITAALIEILSAMSSLEGNAMKGVRRNKFWEG,C1=CN(C(=O)NC1=O)[C@H]2[C@@H]([C@@H]([C@H](O2)CO[P@@](=O)(O)O[P@@](=O)(O)OP(=O)(O)O)O)O
WO4,TLHIYAASSMTNAVNALVADYSQQHDVKLVTVYGGSSSLARQIEAGAPADLFISANEEWANYLVEKGLVKPNKVVTLAANSLVLIRPTAQPVASFELQDAAAWQTALADSRLAVAQVDAVPAGMYAKQALQHAGVWPELESRLAQTNNVRLALALVERGESPLGIVYKTDALLSDKVTIVTAFSAQSHQPIRYPLAQLNDKAASAEWVAYLRSDAAQQILQRFGFESVS,[O-][W](=O)(=O)[O-]
XYP,MNITGKGAYDTGTYANLFQRSGYREDEIKARLEQTWNDLFYGDEHTRIYYPVGDDKGYMLDTGNDDVRSAGMSYGMMMAVQMDKKHEFDRLWNYAYTYMQHTEGRYKDYFAWHCKPDGTRLSPGPAPDGEEFFAMALFFASNRWGDGPAPYDYQAQARKILHACLHQGEQGEGDPMWEPSNRLIKFIPELPFSDPSYHLPHFYELFAQYANEQDRTFWKEAAEASRAYLRTACHPVTGLSPEYANYDGTPAPVQLHGDFRHFYSDAYRVAANVALDWEWFRKDPWQVQQSNRIQAFFSDIDVSDYRRYTIEGEPFNEPALHPVGLLATNAMASLAADGPDADSFVKRFWNTPLRQGKRRYYDNCLYFFTMLALSGNYRVYQQAAA,C1C(C(C(C(O1)O)O)O)O
XYS,QTFGNVALGGGGFVSGIISHKTSGDVYCRTDVGGAYRWDAVNSKWIPLLDWTSENETTYQGVEALALDPQNANNLYLLAGTAYFNGGKTAILKSTDKGNTFTEVIVTSQFTAHGNRLGRANGERLAVDPNNSSILFCGTGANGLWKSTNGGLTWTLAWNGVTTTSNGNGICFVVFDPSSVSGGVTQTIYIGVSRTGANNIYKSTDGGSTFTAIQPDNSFMPHRAVLSSDNSTLYVAMADGEGPSNGGSGRVYKLVTATGTWTNITPNGNNFPYGGVSVDPSNTNRIIVSTENAWSNNQFGATWGDFVFFSANGGNTWTQKLSSTSTLNTNGIGWIAGRGIHWAGSIDFDPLNTARVRVISGNGIFTCDDINASATSWKFDVKGMEETVVLDAISIPGGSFISAVGDQFGAVYSNVYAYPAKVHTPTVTSNNGIAYAANNVSKVVRATDQLYYSTDQGATWTAAASTIGGGYGKIALSADGNTTLYCPSGQSTTYYSTDNGGSWTSTGVTTVQDACPIADYVNTNKFYIYSPTSGQLLVSTNKGVSFTASAVNPGQWGSGRARAVPDNEGSVWVALNGGGLKYTTNNGTSWTTVPNVSYCGAVGIGKAATGATYPAVYIWGTVSGVRGMFRSTDQGASWIRINDDAHEWGGPGNGNFVMGDMNVFGRVYMSTVGRGLVTIESDLSA,C1C(C(C(C(O1)O)O)O)O
Y01,ATLQDIGVSAGINILSAFVFFIIFAVLRLQPFNDRVYFSKWYLKGLRSSKFLNWMPEALKMPEPELIDHAGLDSVVYLRIYWLGLKIFTPIAVLAWAVLVMRFWTHIVMAYAFTIWTCYVLMKEYETIANMRLQFVASEARRPDQFTVLVRNVPPDADESVSELVEHFFLVNHPDHYLTHQVVCNANKLADLVKKKKKLQNWLDYYQLKYAIEHYIAEIDKISKEISKEREEVVNDPKAIMPAAFVSFKTRWAAAVCAQTQQTRNPTQWLTEWAPEPRDVFWSNLAIPYVSLTVRRLIMHVAFFFLTFFFIVPIAFVQSLATIEGIVKAAPFLKFIVDDKFMKSVIQGFLPGIALKLFLAFLPSILMIMSKFEGFTSISSLERRAAFRYYIFNLVNVFLASVIAGAAFIGVAIPMKATFFITYIMVDGWAGVAGEILMLKPLIMFHLKNAFLVKTDKDREEAMDPGSIGFNTGEPRIQLYFLLGLVYAPVTPMLLPFILVFFALAYIVYRHQIINVYNQEYESAAAFWPDVHGRVIAALVISQLLLMGLLGTAAPFLIALPVLTIGFHHFCKGRYEPAFIRYPLQEAMMKDTLETAREPNLNLKGYLQNAYVHPVFK,CC(C)CCC[C@@H](C)[C@H]1CC[C@H]2[C@@H]3CC=C4C[C@H](CC[C@]4(C)[C@H]3CC[C@]12C)OC(=O)CCC(O)=O
ZN,MKASTVLQIAYLVSQESKCCSWKVGAVIEKNGRIISTGYNGSPAGGVNCCDYAAEQGWLLNKRFVLAKEHRSAHSEWSSKNEIHAELNAILFAAENGSSIEGATMYVTLSPCPDCAKAIAQSGIKKLVYCETYDKNKPGWDDILRNAGIEVFNVPKKNLNKLNWENINEFCGE,[Zn++]
